,0,1,2,3,4
0,-0.01987617316571883,-0.017058381517675567,0.06729550124058858,-0.056253823293788675,0.05149020121399296
1,0.01438860952681685,0.036550643428108716,-0.02848222270450805,0.09344932464934771,-0.05130748968949606
2,0.002614393682283939,-0.014397043260607856,0.0008409426171195888,-0.035078641390669164,-0.0011634726307884116
3,-0.01961645849722194,0.01133830862533153,0.010739473611085494,0.03356634414006773,0.03217842504589432
4,-0.02616601234066349,0.14909424214021552,-0.01621952195161004,0.10954243396473633,-0.15367163917256854
5,0.03063723506750797,0.01834150599033659,0.014547938720396359,-0.024219070834610498,0.02316008252522277
6,-0.050581319369734014,0.011695053122272592,-0.012694248704964575,-0.011731457265313806,-0.044540137606536606
7,-0.023176353949945633,-0.06134433845811982,0.012068803244895208,0.04644169385451691,-0.11935480988788075
8,-0.05081532430204112,-0.048123011785422304,0.05896563139358371,-0.06583124283873631,-0.06658973515622134
9,-0.006504646733387125,0.0016991876689993837,-0.013885818515451677,0.037025053050110376,-0.07510348955879718
10,0.01172201330676175,-0.016286691535780162,0.014177351625304348,0.035615228513338315,0.06562159043029803
11,-0.04525113238063795,-0.03208229359925383,-0.021138261234175892,-0.03988764677769623,-0.13346309532668812
12,0.0379714466126765,0.0063837215453700635,-0.022817893725520996,-0.015387254384379124,-0.02135536273861447
13,-0.03611663356413809,-0.08372593030788211,-0.05909457474576944,0.01417821138741885,0.023390351541121027
14,-0.008513169409493739,0.02185318904416026,0.016818070298204577,0.051399521305148056,0.001690930345409021
15,0.05096948672290559,-0.03629067537034086,-0.012677039098427462,-0.029713370832179172,-0.009907476794834637
16,0.008898976807215436,-0.015203691932569116,-0.011815758118074697,0.005360476183649581,-0.0389956718698753
17,-0.03942153814829971,-0.033492956667604754,0.014526654943202176,-0.07032024123571565,-0.0058148897093485
18,-0.02336597534677433,0.031652334423544565,0.00857804507312101,0.011276111286845952,0.005976356660258274
19,-0.022085523776271685,0.009720474919498664,0.002604686106477863,0.022485341267806647,0.056212270445274735
20,0.029886788906228767,-0.009674021393134339,0.003842459977586584,-0.008092118494270023,-0.12039548461081635
21,-0.015880621646334796,0.013130937231723708,-0.018806912529698964,-0.0074944693350319225,0.03410432804324169
22,0.04480354369300248,0.030723240747842367,-0.013202788661761132,0.036606338383714354,-0.0405599188197535
23,0.004047598594661014,-0.04375831047416606,0.020283004839288004,-0.0012458385702961566,0.03482261951332376
24,0.0038236812587950546,0.04089771980488025,0.029528802738581973,0.017464600730016766,-0.026185100104162105
25,0.027299096531100762,0.0014367399931576787,0.029926790995682385,-0.03555319959036797,-0.018576283719417015
26,-0.034937575624197977,0.0046539099394466935,0.006605670068237647,0.01607161277253792,-0.02968645921693975
27,0.006497632744992161,-0.022933607889041065,0.047301340260386744,0.07407758471927386,0.018806731076125294
28,0.04119005423534769,0.0009789927188031547,0.012165781093617965,-0.026958100348729253,-0.022755515178700173
29,-0.0038843901506194893,0.016958732992482524,-0.04293640371228754,-0.07919198899407753,-4.482701046827631e-05
30,-0.015520032516634391,0.005444598728621568,0.007596766311479885,0.021056351636285747,-0.09786078538824881
31,0.011294131673898642,-0.020647292125474892,-0.015785540344086742,0.023146495057809115,0.006890400197830764
32,0.0020856961261583387,0.02184702158725946,-0.029088468999306186,0.014763966990198565,0.006281637083349384
33,-8.962211653086236e-05,0.015146911516446253,0.0194409100518219,-0.028338516876557494,-0.0019053473604431492
34,0.036614218847786026,-0.06384416302483067,-0.0036820103819994107,-0.015711584008655338,-0.007718753794013461
35,-0.037695195435193736,0.03079353652534734,-0.029276682760591546,-0.057171607420775414,-0.05628268809260665
36,0.021942399932573103,0.030785142961363678,-0.027378295833239412,0.053252791947831224,0.046875502736573815
37,0.020953032223611633,0.00435831207096103,0.017815689667139686,-0.030616897811679762,0.010182920872044126
38,-0.02544394319630308,0.012573482902387443,0.009464246899649545,0.027552143484178667,0.030238248271583442
39,0.004680320532232321,0.02175661649690278,-0.03048923980052443,0.0015324783305472427,-0.06275742572376558
40,0.0075942223110579445,0.007396408039915985,0.011861042360591458,-0.030030414562285293,-0.009327757567884423
41,0.020934226695867572,-0.06232884737344243,-0.02413889941720231,-0.024568775868958934,0.010324262702428276
42,-0.004909137441653793,0.08494000754999063,0.03538500054373742,0.006989744568239939,0.028219829640610927
43,0.015231094764963992,-0.05433834444085393,-0.009754810743233203,0.00852853921965745,0.0009265953768572907
44,-0.04775889798111509,-0.011633785639185124,0.04029822028780305,-0.0605895292479217,-0.04926666653888817
45,-0.009275260638263078,0.007638934067610424,-0.0374323055227505,-0.003803774630660414,0.02497555693973552
46,0.025975630099142402,-0.011385059843086891,0.008948853688559954,0.008354711881967793,-0.02457016421794402
47,-0.002485586056067208,0.001090645110337041,0.03798347846120958,0.01153217946489488,0.07155388979505092
48,-0.011475923965366657,0.03967010971258576,-0.03728118858320924,-0.029855892936018723,-0.009309110328375829
49,0.04664160253018279,-0.023219113241477775,-0.049704680070311646,-0.00884795028577399,-0.06609123078581412
50,-0.02888361645967617,0.02063788420608722,0.0247793878754025,-0.0063741186062683565,-0.015428419148000997
51,-0.02856295760730127,0.0007089755334802293,-0.006292707762608941,-0.013968668871380409,-0.05071147755179556
52,0.059078398004325,-0.002403119643310864,0.029630734068181085,-0.004834058072776055,0.006643593925346131
53,-0.031013381621887253,0.028308599629170723,0.003736687905755669,-0.001249851598442691,-0.07642725663778067
54,0.0020034363932840632,0.024106883303467958,0.07135671779729272,-0.02405625441285669,0.025016441414143838
55,0.06195092961812331,-0.03370788669563358,0.02292281335495902,-0.013583765375315988,-0.06290056445566916
56,-0.014252931973655484,0.007852521294567379,-0.03395867896345219,0.014342250490848491,0.059496753687428024
57,-0.050280193488325506,-0.007604959144597448,-0.0010524048659210639,0.013904088331315761,-0.0039031468883190586
58,0.03137610874504012,0.05228178950853733,0.008329893925865025,-0.02506054725013899,0.051356390485772334
59,0.016372037463340094,-0.014362387353908768,-0.028456321205658164,-0.011916118802735135,-0.022164160452728517
60,-0.04410553046774238,0.035788854604267756,-0.008956495959179654,-0.021559908415451908,-0.07178186179833868
61,0.05529625617143387,-0.05150080445267407,0.02446169817513432,0.030754222457833724,0.08221632478063072
62,-0.021502725886753452,0.020438867257539736,-0.028438708101675616,0.01075800271898307,0.03624087709455128
63,-0.006605486082160073,0.02336277266990871,-0.012203952591994902,0.017404324343151444,0.034996229027563094
64,-0.011108952029615411,0.0067684862690400895,0.00045344686629934447,-0.030805189027212607,0.015803622283949974
65,0.008085377048792811,0.0314025858983437,0.02300435072355337,0.005749568868426234,0.018512330981155803
66,-0.003821287495635971,-0.05856694295585613,-0.026059105470629423,-0.016562658297391362,0.015520157790467441
67,0.009939643551087275,0.03047383474792694,-0.009666240687053162,0.028692182614506883,0.012456559956901274
68,-0.030297059063462802,0.01851625919901499,-0.029399182864428372,-0.007129935983317692,-0.021283943668517984
69,0.023332189222301937,0.06455256045699703,0.06334165319122745,0.03887046048448654,0.007602188525355557
70,-0.045032813764225306,-0.037789506850302725,0.047334292466404984,-0.015027365126030744,0.04238154933491169
71,-0.026873130600064327,0.017831674841276023,0.06991737421409053,0.012560925730109584,0.03701004409896767
72,0.03009715227897837,0.0013317554457730812,-0.02307797455692633,-0.043748524348319565,-0.06816985667296016
73,0.046573207739010206,-0.011811820896750376,-0.039966683173521055,-0.05443389151411797,-0.03571397562655926
74,-0.01738546391312469,-0.02071227800417543,0.020047051287041574,-0.011800788635375235,0.02702133819465677
75,0.024836669188608586,0.01104355865844709,-0.015579249549238958,0.048802308743702824,0.08109233401544982
76,0.06823108441291569,0.06775222772486988,0.03489441818505795,0.04187356380952798,0.007426403641144768
77,-0.002518329966634071,-0.0641566977026471,-0.05654843590715736,-0.036152371816815146,-0.09042273861991594
78,-0.014483802675315377,-0.009290342020516085,-0.030837579048135902,0.042612408547539976,0.08695843769360147
79,0.03417241425324796,0.006925728932227954,0.02740164018929446,0.007657947270124045,-0.06549838255489557
80,0.012842139563296407,-0.015148013918300791,-0.022289725683288734,0.1015926330484385,0.19199013245518365
81,-0.02916752823338469,-0.05166458453687535,0.0557159906963606,-0.15517488805779495,-0.017084097383425697
82,-0.012301875301743159,-0.0255123252424503,-0.01118304601253161,0.023773436231640105,-0.06374573120501303
83,0.030930273742124932,-0.03753493653589469,0.009152425815784205,-0.02693885379832735,-0.01831954700905186
84,-0.015732742477034982,0.020728768820168112,-0.010307543124502614,-0.01683067278120676,-0.000542451618690265
85,-0.037076955949111395,0.023476172414455636,-0.013295217519074948,0.06555296113857963,0.003474806423670632
86,0.001968335618384292,0.023316827065973347,-0.013035512528714717,0.009880270105945709,-0.04940135523505969
87,0.011228607787556182,0.022305747823243474,-0.019573035982342443,0.0049755819885315775,0.05253020682122118
88,0.002558754216935178,0.006126900616578765,0.05050498492858759,0.04719651150163491,0.015968291031240582
89,0.004896925804597356,-0.057103369335413635,9.290199038559932e-05,-0.08644595953532655,0.04030197156815571
90,0.06553623553306265,0.042078228569315555,-0.023601705061574326,-0.0012181846194508072,-0.2824273740982879
91,0.015841014172517816,0.023315690300027954,-0.060822213253857865,0.025973223559744667,-0.06929892580928458
92,0.001523341592846012,0.0028863221939749136,0.040610906497042035,-0.031563449782679665,-0.06906862859756924
93,0.012203119524549139,0.014814832108559535,-0.03294711952102361,-0.03629633936691094,-0.03979792030983094
94,0.05291545693190733,0.0358754235344939,0.004756043620581749,-0.036692529575914797,-0.09628843154537833
95,-0.0002469227158276178,0.07241366404330059,0.0379730406630173,0.04670377848612038,-0.0900545074512963
96,-0.009730424444963727,-0.06486641090853543,-0.027031005367118943,-0.03061751782710668,0.0307845714623878
97,0.04243752315126961,-0.01649867681437405,-0.02769875275037032,-0.04455301379144481,-0.07925396791128379
98,0.020282593862417892,0.06022502314186676,0.01805361707237486,-0.08316106388219482,-0.05454303999662802
99,-0.030361329607828197,-0.023470549292893928,-0.033125632594811036,0.030336184632322453,0.028776976610940825
100,-0.042827111072578736,-0.03478908450874922,0.053890868650781576,0.014738859161543966,0.05286079091581355
101,-0.01967311985521585,0.029184253973034004,0.0057410762102555754,-0.05066769757849611,0.010682547512212294
102,-0.013661712631038247,-0.029491396183652728,-0.019277856016489077,-0.045910392975441056,-0.0487543798976172
103,-0.04370235133422569,-0.06271691798210184,-0.06186351846531706,-0.006605664055806221,0.0202195480197582
104,-0.008688838601862677,-0.030720578101049587,-0.0007901750960227381,0.005561152107472513,0.05255162911342797
105,-0.022846239111440216,0.009524580340079865,0.050341293256492614,-0.014406292766242584,0.04075160563859628
106,0.006254137307421571,-0.023279917356264154,-0.006897695781977065,-0.006003372386917229,-0.013291636958625022
107,0.005678421761882012,-0.04171160345685654,-0.09777745338164186,-0.0037416907786994025,0.05023475057894219
108,0.041216095676612025,-0.021525525578438863,0.005673026633486712,0.0006903871401923584,0.025184185568664016
109,0.005909997464385488,0.03019691476390094,-0.06901468839050932,-0.076694758787864,0.08048768788342674
110,0.020116407379491337,0.06864426435724637,-0.01683239581076517,0.0019999580017493147,0.12382191879333782
111,0.02379131231248502,-0.030545285794457894,0.050000737567389354,0.027337141260460503,-0.06806443716679823
112,-0.0028117476357023925,-0.04306109800780466,0.008491620604000284,-0.05777682555065345,0.05791178937605147
113,-0.017976093066043242,0.005332452295019635,-0.0033783802590101747,-0.01439439028787761,0.01848900867438082
114,-0.004158647058687903,0.0053177723984249685,0.05061271251883671,-0.003180357317009528,0.01875881735523245
115,-0.01428763438207611,0.006812187095389608,0.0383849592170021,-0.040426261062489366,0.04266896127546521
116,0.029160891063759943,0.03745002390436675,-0.00927061161943197,0.05794446053478468,0.08118097871432389
117,-0.0011890584746779508,-0.014337604331286793,-0.034221086916775896,-0.026147534836212932,0.047475041875398485
118,-0.046424190096561256,0.06303566473006243,0.044956483834903804,0.03738783211291445,-0.08817082022989003
119,0.001886322371311977,0.030803142282208654,-0.015560589500858585,-0.051959799323683976,0.1162326040462372
120,0.006841659244787452,-0.009753219041048455,-0.0337797128225707,0.00406586244952768,-0.06610689571651092
121,-0.03152691732524925,-0.009838798566673605,0.043337812239512594,0.028712978860131255,0.00902843338809288
122,0.01905751365641527,-0.053677712439135536,-0.0040647437896613806,-0.017135654243744254,-0.03953634172868731
123,-0.013074533033873275,0.04861599598136376,0.03787711237021212,-0.003448894620054113,-0.011563965345325911
124,0.01808735026496616,0.03514976757876831,0.009955575482451181,0.08233149208073165,0.022627926436960315
125,-0.0117251891727708,-0.008608289152858434,0.023985103303406766,-0.06838801367488709,-0.08198876156692875
126,-0.0024875728625666955,-0.019405273086837864,-0.04913973864465406,-0.0476482649511302,0.04270651308508784
127,-0.01026187553556376,0.0056568527070864575,0.019396498339315605,0.0023839253930871187,-0.030359755253917806
128,0.003492780823128547,0.005930918641446212,-0.0438036312459023,-0.004854697781267145,0.03819654927182734
129,0.011883309570353126,-0.0060750247097009335,-0.007905181345054735,-0.021679157794683414,0.00341966517132944
130,-0.04157368234964369,-0.018132862015348312,0.03718001817032415,-0.01023904289303348,-0.02764007455605571
131,-0.0017044091816710814,-0.002195487744986858,-0.04854084454609525,-0.008798462195420728,0.02152693311291394
132,0.01335667786279746,-0.015753454338785187,0.03464971722907871,0.03253526149933755,0.022576398911793104
133,-0.0138694490963715,-0.013561265009891695,-0.018873207475879297,0.020170916820241698,-0.00591196750382963
134,-0.004643959713100061,-0.06651025389084228,0.033507744758881214,0.04601103027841913,-0.036399898144621134
135,0.00854735166212493,0.0003476837018549367,0.022570165039268956,-0.01658817360661788,0.012172773294985402
136,0.02479631219760819,0.007553813269609186,0.009920639647239613,0.0011543593647203284,-0.045777336179190206
137,-0.0175637377966704,-0.027633037067468114,0.02294692414025231,0.008383188688701776,0.0267378204364462
138,0.030184728360122134,-0.008000441072703667,-0.011839194152371944,0.007493798911130334,0.008626796521106593
139,-0.06752812044562442,-0.017540971506510482,-0.011340752462319989,-0.0302070561153625,-0.0420016347306057
140,0.05011670556654919,-0.0008566948700090143,-0.015722480702821146,-0.02503653651766464,0.01233303756816517
141,-0.004316085762498091,0.05457917711687796,0.044687498499512444,0.04847860034206469,-0.05708204179173912
142,-0.02221805699621666,0.030034652511173845,0.02110631290538372,-0.01121877977765624,0.006908339945854279
143,0.0132500626518216,-0.052452506335122155,0.00266698729971699,0.005997782132210364,-0.02858403119476655
144,-0.027751318982601053,-0.037841793124898,0.007183982893176819,0.0582591621469337,-0.01933411959446079
145,0.010391756360432162,-0.03699682612234988,0.009400183567183945,-0.0029180877539929503,0.010633394313426199
146,-0.0020009739386572974,0.007962696680518766,-0.0036306653369526515,0.03559235540128133,-0.0066556343171067095
147,-0.008845856858652239,-0.028991335679795865,0.030825874998749492,-0.00942990331646214,0.03011873843222889
148,-0.04748536261734704,-0.05475169902031027,0.015550696451790422,0.04449265110416124,0.05426411680143822
149,0.011721230075819856,0.009352305502081546,-0.014702409635850164,0.009898412711706876,-0.0056808468174994395
150,0.0007598316537727624,0.016027024287317275,-0.04655962026596108,-0.08378560868514665,0.04701459643461581
151,-0.02364223193416874,-0.03536769088394176,0.021339563343518525,0.07140181604203322,-0.009664989769503848
152,0.030558893793552127,-0.05123006066873325,0.004708673063530408,-0.042012073171313585,0.08351976825584845
153,-0.008011408732624646,-0.005057403417417148,0.0051872321295796395,0.040242416904229236,0.00043596102081214574
154,0.0036264033478586345,0.010718344511824754,-0.005690572512728254,-0.01042676860684548,-0.0385886405748981
155,0.0015739424694229676,-0.015535928178521471,0.053586357971024456,0.03479618425058481,-0.01609079850991169
156,-0.0035740985289217098,-0.03989741729145439,0.019754518350595017,-0.0002146876395587409,0.04221874670512402
157,-0.013879756142028278,0.04549844147600491,-0.024299386735586737,0.020762663719342475,0.004448472080390339
158,0.0013870087510785048,-0.032814439953090864,0.003352974430563446,-0.008835076807591172,-0.02525701623896395
159,0.004032367165954778,0.02306100547185816,-0.051330796183619715,-0.07479415289437037,-0.044928004076801704
160,-0.014441990406206796,0.054319264353060316,-0.01906636323837534,0.02204837228722117,0.038157633001129884
161,-0.04315806602256138,-0.0033220525695336553,0.0024229480927821234,0.03813113550549142,-0.038581433643545854
162,0.030752137895568743,-0.017525260997480897,0.02281510569868399,0.003424553416852969,0.00545111811266805
163,-0.010458474178994358,0.003192133009287017,0.016023164778151792,-0.01715996389489107,-0.027769116794160366
164,-0.010054698760871957,-0.005881173409460372,0.02594001339365007,0.015717645757934225,0.04054502631985793
165,0.027626065735988886,0.0041542613334861565,-0.011506163750807928,-0.05784213333816437,0.030900262311389495
166,-0.03873826404988823,-0.048327091910301614,-0.038257351371625045,-0.038674963454060074,-0.02603169636535534
167,-0.0034058242834634394,0.036997534526638676,-0.012461963482254881,0.019467253593292815,0.04739071898649152
168,-0.004685584879032947,0.005526154522578312,0.021940276093280718,-0.0018418517292115855,-0.05080570478484011
169,-0.00872539800682402,0.021514436073540234,-0.00993619303496593,0.04427535914644029,0.007297146466852146
170,-0.05357893008824577,-0.0016586581554721477,-0.029330340716191443,0.0023251221123624655,0.02514708865437983
171,-0.12885702312571412,-0.05201344998296263,-0.04588947196974975,-0.09040121126681255,-0.08632521810158923
172,0.009709377575741206,-0.02342343679673587,-0.016856287120679034,0.010507382705047384,-0.05958964128141313
173,0.009726962952213767,0.0237561221367353,0.026996980068303675,-0.017878981491011997,-0.04046585201465494
174,-0.034280704800085174,0.03649336231365702,-0.021636152560274617,0.029127187863021684,0.007975178155517647
175,0.007465892225232248,0.016430017821545222,-0.05726365332186036,0.02648796057499675,0.02831249015119805
176,0.0033342091432066083,-0.05685488440179617,0.028119799807070894,-0.08463511043667295,-0.10147904010521358
177,-0.03150626601308664,-0.017780104696877012,0.011771856397619924,-0.006361525620608176,0.0940197210647847
178,-0.018449209864512733,0.0039829143957116845,7.748583524624583e-06,0.011227574309594552,0.0084705302987419
179,0.020789074356432638,-0.010213118768744192,0.043108675188768764,0.02758639852724664,0.047318522201535276
180,0.10079805179870646,0.00016199438153760917,0.05361883058360957,0.08214646048537745,0.21077747552126364
181,0.04221813751243356,-0.015460059517590687,-0.019314205488862667,0.06011219892093265,0.19939103074364828
182,-0.006664645680444756,0.019970152025100565,0.048416715450256685,0.03461607989124035,0.10578491844626706
183,0.029719135162272887,-0.04737701624788741,0.02566505490084989,0.010293717182137811,-0.07860146514833471
184,0.0014537030638460324,0.0046952282812430315,-0.013075093348199562,-0.01713887431881242,-0.003228051311380441
185,0.014679237618396339,0.046146635265686096,-0.04844825109160328,0.02773023270070372,0.03598316372564238
186,0.03713631549595398,-0.015050351811041434,0.03440427746804993,0.036085490300637346,0.011506886839617652
187,-0.01660787516426155,-0.0022913449349098586,0.008540530210004841,0.021424973697203576,-0.03172827592822054
188,-0.01333130659944061,-0.026792797725933164,-0.011557365142344983,0.09039935640110627,0.03718257443469221
189,0.014694069587938003,-0.002932007247387333,0.0273001518192487,0.03161797212140446,0.018219281947526863
190,-0.014674501769454718,0.0033534700133580264,-0.028000633963260226,-0.002443398478737674,-0.025834745224695994
191,-0.025243785163188266,-0.03360714997255261,-0.01763659558560648,-0.0069249234630425135,0.17102544583792464
192,-0.0058454931838720706,-0.08515087377677318,-0.001975476884193075,-0.028154111444691814,-0.1016005986881256
193,0.0487386273840803,0.04302783005929513,-0.0162155777586565,-0.01333214075270504,-0.009340363325506255
194,-0.019555211612595394,0.04422667909494413,0.013400443894589303,-0.00026893871476374627,0.040538679450594674
195,0.01835327484084708,-0.01035155820807597,-0.004020855323015203,0.02979780837290503,-0.03196570431986793
196,-0.0017826320277624904,-0.025638977660832937,-0.0108634256327221,0.007059376234517989,0.01982976145263277
197,-0.062255839543797216,-0.05050829991928731,0.011455462932191456,-0.06814629976713593,0.029375550486824463
198,-0.027260198307682927,-0.05466564889673061,0.04681470244546332,0.10071332920837842,-0.0013199544587725216
199,0.004299101896436619,0.10508803746755756,-0.12167482860640644,0.046567563403353385,0.004160892297328009
200,-0.02073580394084798,-0.009433684816948156,0.00438065565499186,-0.03893409486440109,0.024424611730850865
201,-0.041053390645994906,0.02003835160216099,-0.01100437886968786,0.028803440106908725,-0.0419981765713694
202,-0.006532018255773343,0.018562947593967948,0.027066433468566298,0.0463354191275997,0.02226183304331912
203,0.04203678031359194,-0.04567277168578114,0.025051533329842602,0.030676486372712943,-0.022060930278732856
204,-0.019260063786628916,0.005873664299187819,-0.04913022361715268,0.01392052860948479,-0.00236670548025409
205,-0.021182119277615416,-0.04247555066763275,0.037767024750698666,-0.02287065969413955,0.02431710335218553
206,-0.024746862674382877,0.0366467145588963,0.048179474665502466,-0.029879572103215835,0.004245728266897432
207,0.034976550787680596,-0.018144555529222346,0.029241819481977353,0.004364519905675163,-0.011206611904980701
208,0.014169908509560757,0.015342040224797168,0.07042447097888745,0.03186636408987373,-0.024666128022802193
209,0.007511594658065624,0.01506831424721926,-0.040152784976898545,-0.017680160400328018,0.02492357413481412
210,0.010432490025552795,0.03549992053588095,0.022870807193336347,-0.04733092284991477,0.016074369577402006
211,-0.032316412462992786,0.009991650938629734,-0.03466441601297226,0.021043626819552408,0.028795308640575952
212,0.01093749548100124,-0.041809604716195284,0.06786756038690205,-0.003992595024164896,-0.03200472633541927
213,0.011523923041406618,-0.003359736628660445,-0.005572653730045594,0.04122388977881055,0.004708474396027423
214,-0.0044143371372799105,-0.013363772084710191,0.060543005171004464,-0.02171417527061349,0.00489934251553179
215,-0.010085505127920232,0.011543402469797112,0.025460962362134867,0.05359076410957163,0.0014866135159985125
216,-0.001181117864417297,0.02530375414059818,0.012722513641858871,-0.05069974415880702,0.006245413293099649
217,-0.005670844113221488,0.016304067970860307,0.01770727239368441,0.0805492195818597,-0.05151581617296219
218,-0.06707699512260683,0.010473963064085249,0.03126894721091309,-0.0012571872235343923,-0.04355492859883042
219,-0.0036557667309762166,0.012766777154430864,-0.047633454097088024,-0.05039775404989935,0.04966718579533977
220,-0.012105944854244526,-0.01272695797648721,-0.007359179929643644,0.012194958357926472,-0.04157887390170678
221,0.032048593577461856,0.021836661607032393,-0.021624637254899274,-0.041709766754137,-0.004511750491174935
222,0.0025884532923773906,0.041008819667221176,0.018744403047506623,0.051087965098385126,0.013019146650497172
223,-0.019466533012389476,0.02539003112888556,0.0042079367787963805,-0.0011530520607761895,0.06751556837575977
224,-0.03199094831408043,-0.010917258673990128,-0.0021691418156291296,-0.0010618352507030578,-0.021169892161210818
225,-0.023445101123995164,-0.03938548787250471,0.02474602029598087,-0.006246859975211579,0.04644728285367308
226,0.023907725624078287,-0.027340391016470712,0.00713264807104323,-0.039170192681254025,0.0017393328098711611
227,0.024030083761465926,-0.024823413086167284,0.003872820138080474,0.01945543284688284,-0.003225578707655617
228,-0.018982114978991032,-0.0609396554972686,-0.033842988387304554,0.0025825256570442302,0.017285052323259848
229,-0.018508930427454308,-0.029668586113907998,0.03738503618248376,-0.04259858432460752,0.02726532243254478
230,-0.010846669477309254,0.006162395569513868,-0.003006332180421215,-0.00019690793142774013,0.012799416737855361
231,-0.007538980089261859,0.021976463625140042,-0.007241850833079316,-0.04694950369135373,0.03679123061084892
232,-0.005901057444318138,-0.038356881693575366,0.02177518546539546,0.031760457649706676,0.009033288018362905
233,0.010546001090071318,-0.006412904391052219,-0.021647819999079373,-0.00171497392096444,-0.004261515276252183
234,-0.0158510402156546,-0.005086988583799091,0.005202132020981587,-0.011668995856422986,-0.03317496251192071
235,0.014625591504089083,-0.002145305608437011,-0.005234137937814784,-0.005741591945072205,0.038152196366612226
236,0.00512894622138608,0.045376235205187354,0.022856825367255012,0.061486414637511505,-0.05057389208487628
237,0.012257792617967214,0.007358788251780726,0.013545548775015875,2.9825999245797034e-05,0.024906651868532203
238,-0.03063487591365168,-0.004983918202515524,0.07213769843028697,0.0014389196565702325,-0.0014851897790704458
239,-0.002148737246136513,0.04991295900203151,0.017588946350226793,0.0037632207746098566,-0.02526544395819123
240,-0.013949826452837412,0.010104293623036725,-0.04849127641249882,-0.03518568216354273,-0.025286188762122498
241,0.043497521901146516,-0.02910795684479815,-0.0805293688877576,-0.008939394463207328,0.042360505767962436
242,-0.03280838429683386,0.05240087597416827,0.04326423470870083,-0.0028611147627925007,-0.06424208682057117
243,0.05803533502306948,0.04309351782793433,-0.03910983970234563,-0.035613955163582636,-0.06260918448904881
244,0.04431861183052695,-0.017334689053222753,0.03524724660829144,-0.028515157011733346,-0.03483091904847613
245,-0.017505687278202318,0.0385098766165647,-0.01577342148579905,0.01746999046901873,0.07320977913446024
246,0.03125075034534347,0.010859394208903812,0.02010758565574797,-0.011004488839115258,-0.026323916175827307
247,-0.012066524244149265,-0.01074350402983187,0.035483239702934294,0.013201828975619497,-0.013146801189523178
248,0.01573527415858952,0.0018397447784412255,0.00787503299627726,-0.0008954677152216645,-0.023759750262152563
249,0.020414442778594423,0.03910511200391008,-0.04986597266322596,-0.013976683882963265,-0.01087422851719892
250,-0.01955010299204852,0.046503624233593076,-0.03109118815130803,-0.06055135232444671,-0.02771441989610793
251,-0.0058750158422214965,-0.03372222461317322,0.05768541205611755,0.03209551951580081,-0.035829942232853684
252,-0.03771854089004412,0.005701151070619888,-0.08553179627183644,-0.03295194475145559,-0.0826575434944993
253,-0.008152163025676559,0.02147973664888926,0.03233827989141827,0.009871298883317888,-0.05204068057806653
254,-0.02020165063396541,-0.0018298649155106053,0.03390659848673801,0.040243735159584536,-0.027964840017916152
255,-0.003940143749277637,-0.05267036543160468,-0.013350897184426076,0.03137750425359867,0.02396435401965897
256,0.04699930973152061,0.040853878310048344,0.023348899820928762,-0.004614540943941514,-0.006717118067711705
257,-0.0290335236448268,-0.04773931495696034,-0.00751947099012633,0.05319404319126424,-0.03303550425308454
258,0.007106196175651794,-0.030261450216752583,-0.004355910379641184,-0.02188095947501789,-0.005965988099301693
259,0.014095966142152683,0.07423048692212275,-0.026691664586148623,-0.0011290802914193689,0.061388773083442164
260,0.03901806474661886,0.03222349840561762,0.10853439275022571,0.03751552647708642,0.005213370392625295
261,-0.044056344626298254,-0.04138483845922282,0.029844645727052546,0.02074351660543082,-0.01260397628541392
262,0.03458565508385756,0.017800647832144273,-0.015106028400575707,0.019250419952492683,0.029496148419499595
263,-0.051116964397691526,-0.05945832426226087,0.0385687386794216,-0.0033171842899745174,-0.014728518412872647
264,-0.004540992151801294,-0.0018468820342102468,-0.028579833274829804,0.017449633703898917,0.019172899552290422
265,0.015498341168587459,0.057565466681428826,0.028826467996746007,-0.01607540266753483,-0.025261130802322226
266,-0.02416599658632916,-0.023430042846173334,0.01609606731146554,-0.018556100004128124,0.020221834448584504
267,0.017131512349006502,-0.02959871239120386,0.03508081758751566,0.04750877107581148,0.006717318571944664
268,-0.025058038011962644,-0.010306150717483845,-0.027108868089595686,-0.021097016602680606,0.018584138140476172
269,0.035345676377718696,-0.027271700459027166,-0.004496391311254611,0.020453021546775703,0.0038581295468542165
270,0.05240443926794207,0.02717388920119624,0.08017220743873887,0.02693351376713118,0.019625973647384786
271,0.016442629366675156,0.014899239589263688,0.0403483427299038,-0.010841070477386845,-0.03754417886000194
272,0.01783712473789244,-0.048304461680672824,0.02059439449200002,0.025834687561003968,0.06507918559747852
273,-0.005800858364907735,-0.0554338265514112,0.023747835379659677,-0.045620301099290446,0.005571106614178888
274,0.02386424088960256,0.0675427965860089,0.0031218701491070987,0.005152081093960911,0.09827263252168646
275,-0.015664635261799176,0.09837714008223665,0.017965968484790387,0.0019836422840215223,-0.03377246730257939
276,0.018643256575395138,-0.02199532126353454,-0.0018090927480249406,-0.04688676340026825,0.051285919548624145
277,-0.0075886154539693326,0.028149020084742408,0.017842974016026,0.04388004953779611,0.032690684694914963
278,0.04620017414969061,0.06395665289392494,0.011137349252578962,-0.0698462608228538,0.01758676820674382
279,0.005672270210073329,-0.0636258318408514,-0.017161219529529082,0.0025347076271953917,0.027094167221544386
280,-0.043956754809652096,-0.022673174040072092,-0.0029795987792654594,0.016565114994895866,-0.05202118487344312
281,-0.009880086333296794,-0.002921634819267588,-0.08051287403696894,0.04757558808677098,-0.0033890986278582447
282,-0.0016396526405887159,-0.051864796583767345,-0.014146391047191328,-0.05256113416434831,0.008009343737422365
283,0.024804670335177144,-0.00801053334311056,-0.04062273320211029,-0.014228980411270395,0.022142821678864194
284,-0.016768432568033922,0.019665484390684662,0.04081488210598824,0.011257121140515091,-0.04834740369594771
285,-0.007659483500312125,0.029704141969762822,-0.050078755964655504,0.03934954681467412,0.019444276196630007
286,0.002243571541225956,0.0010748205283552196,-0.04191433869682043,0.0562952983534785,0.025724933313474457
287,-0.03270910025090394,-0.0024172049759806098,-0.036761214414143026,-0.05479545271103696,0.012698271286401431
288,0.01644561259940673,-0.011490156440343229,0.039209423209352445,-0.01146861605917563,-0.01981591350588097
289,0.002796590676050568,0.0001693462894773179,-0.04657341162267394,0.027231675546356367,0.013306699998912003
290,0.01660020040928903,0.00838050811833827,0.03527025605697361,0.032593817255690063,0.05640689998616135
291,0.030734761635577056,-0.02328113731889053,-0.028197358437389235,0.0022197124578945573,-0.01696622848807937
292,0.01862705850395492,0.005071266402159507,0.07538276474428929,0.001833150703139809,-0.03776822026121089
293,0.003984931771008636,0.0020571817865248088,-0.06896489929670341,0.042244506907145665,0.0504301914390434
294,-0.010129122403174363,-0.0423000898360492,-0.0621920223214624,0.06129206636510998,-0.03959250365319495
295,-0.0284437870312899,-0.05433510748270552,0.07376364946159608,-0.039190916534666755,0.00013478194678321741
296,-0.008855729182693124,-0.006834840067829695,-0.052065156493261704,-0.08609131954694522,0.02103086653560103
297,-0.023085344251293174,0.043110923161073886,-0.02031340161358057,0.05661065987490964,-0.02046584751816191
298,0.0014050166857949783,0.057905367350225154,-0.03522552481679811,-0.006535873876883621,0.008694948653079546
299,-0.0042144881108416455,0.06232929114657147,-0.034742632519684,0.010504228593128299,0.013525078523041256
300,-0.027129045317420074,-0.005931581849589678,0.02317720023803154,0.007568488843419699,-0.038932556379918465
301,0.014618541601752646,-0.036708481411989805,0.051019366261909865,-0.022445740201602213,0.00038668831830026423
302,-0.020067162461800604,0.02712509040829859,-0.049429212366336885,-0.04771430756287063,0.005870885551734345
303,0.04203961226489885,-0.032567182665371,-0.0079264643395046,0.022033305283225543,-0.0011603300852508474
304,0.0016469523315786085,-0.006438229330960249,-0.019446457803834347,-0.04046944106874391,0.045612114671371384
305,-0.007893620224257783,0.017193340639999843,-0.01408159820695571,-0.06994537121231441,-0.045645793558169986
306,0.06155068145211961,-0.011153523320402911,0.07207941227234765,0.018841516673218626,-0.008598758606893499
307,-0.005762045958371013,-0.02020567242270284,0.016563960593052554,-0.05771268876479956,0.030178678398648073
308,0.0331016518937603,0.0008870633340643305,0.021446520597198475,-0.013624267167496042,0.003361209134180823
309,0.004144110304813371,0.020942373915548058,0.010776292603080915,-0.004031035545064947,-0.015122937099843695
310,0.014539765167688273,-0.028777980462256304,-0.046611012656769264,-0.028650675396839187,-0.015484224545789294
311,-0.002053092153354556,0.008900119956219067,0.02186006676898068,-0.034787635481685654,-0.0027507666067285164
312,0.006314447994500514,0.04433478200719203,-0.01719370590317527,-0.054911605462581656,0.025026375431927633
313,-0.007077478172174061,-0.05662490410873844,0.06641218437919151,0.0010814290202728794,-0.0031672318761876844
314,-0.011621582406922949,-0.010921910029838548,-0.009657915129575947,-0.027131176627279006,-0.06262423311711875
315,-0.010959390126073167,0.050264699457746344,0.009123173551437824,-0.00024356881698650774,-0.02577839459037457
316,0.03667504555338616,-0.03940193267750777,0.013122478828413341,-0.011351674968513862,0.007761025699252987
317,-0.02150796691886509,-0.07947086933960255,-0.10199922958404578,-0.013319481925027979,-0.004826280023445791
318,0.03250735560624734,0.06906891387640374,0.0005026120489797677,0.05827043353020314,-0.03879633341931403
319,-0.0446717601279803,0.025049064577037497,-0.013389815883449632,-0.030429447295590273,0.019652174783864225
320,-0.015008142369391157,-0.0423451803564356,0.05182085399851509,-0.0024737156706781532,-0.04250150248333815
321,0.012057213806851787,-0.005775527931489624,-0.04715146962541347,0.01316120634760094,0.009027376377172661
322,0.003079347422905075,0.031911229469891625,0.01926940880252974,-0.006080872242063457,0.004303340018506864
323,0.028325878183079023,-0.04434979949065389,0.0036223130966751386,0.040865398796126384,-0.07974415972216127
324,0.0003239079884608128,0.014613246090709173,-0.03242550992722236,0.025228628394964838,0.00999599017925668
325,0.034074932445779305,-0.0880575826620835,-0.014316065556062357,-0.05595558532404953,-0.0023268578537908903
326,0.024542216203811643,0.009907695316702148,0.03302063679679993,0.014408490487918606,0.03767369246354717
327,-0.0028850405625210802,0.021815147056652898,-0.021653564499364123,-0.059219812983036954,0.007294251773909938
328,0.015865121151823768,-0.03276883066328968,0.047913238420429355,-0.04856617773583245,-0.03411886265866445
329,-0.013122841309334887,0.033301447806186324,-0.013212458509655908,0.08320066589456229,0.026144062963942533
330,0.008427621023098622,-0.022592982683170174,-0.025004695641297515,-0.019447509044678526,0.04188573307671632
331,0.017984192284310366,-0.06844496971037285,-0.061244081820443046,-0.07576255162806408,-0.005607385405082438
332,-0.03097126301333191,0.048925593712677067,-0.05087695587583511,-0.07058069549735721,0.048046161326881595
333,0.021342658939234302,-0.01913576443513831,-0.049367499841244784,-0.02042232766487501,0.03905600081058083
334,-0.0012293088192060868,-0.0008227866436229438,0.020975186886565984,-0.02527678519229223,0.016456743840510983
335,0.019151604757058117,-0.004249620747251159,0.07580103239789153,-0.03355112320035513,0.007896231015699813
336,-0.02127878422660265,-0.025518385835971866,0.034184724276661776,0.002675871499956561,0.04491384510897539
337,-0.03643206445275469,-0.02505485675099329,-0.06373349968172241,-0.026087670485442613,0.017955808191701863
338,-0.012062830382499603,-0.016525286623761456,0.04782812301621597,0.10641593394180632,-0.0509007619464508
339,0.019412690242566595,-0.008140094571759786,0.026459302143047488,-0.007943349301595556,0.005607269158691918
340,0.01784550920645451,-0.022183868373327455,-0.023669427598561894,-0.027074207479521342,0.09806997650383108
341,-0.058985021655891715,-0.05150716271074858,0.06612174128188339,0.0708982620457294,0.03638386584522236
342,-0.045661338807564886,0.0019274375743462118,-0.05460104703063395,-0.021339168575461278,-0.007302608859329788
343,0.043115618389831654,0.02227047570521091,0.025702564020877155,0.038341938825427975,-0.04082950879813267
344,-0.031129515433547215,0.024448361562841064,-0.06318676389084513,-0.02813372583511057,-0.027768482701363756
345,0.021022473882366097,-0.045691751319105314,0.0016387299348894178,0.014353891531058066,0.04464958577891093
346,0.08105140431639232,0.05428982037797904,-0.04799632533656621,-0.004771891649227124,-0.06660932224875882
347,-0.03160921260538299,-0.043166269591785864,-0.012857146137905399,-0.007655357441202987,-0.014812113574610347
348,-0.007853610150544033,0.011373662804015604,0.015194452917543276,-0.0022428233653213232,-0.03601102575250028
349,0.016440158537969676,-0.0011519771321231703,0.017508100500648386,-0.04657557689412316,0.05704271840507549
350,0.038806905317640666,0.036445077009635785,-0.06391766232748744,0.025596277058074046,-0.03395119584066556
351,-0.0312854514289095,-0.012275045542033333,0.00026293011251930353,-0.04637594255736731,0.02624712783331217
352,0.0071018691887371425,0.022068628313079562,0.027629561718593078,-4.099551634902977e-05,-0.011628073837356461
353,0.005031966598158239,0.019227459148865776,-0.039926459617913024,0.03084841983973876,0.037502103389988314
354,-0.008605740324070025,0.002446030285658655,-0.013379565536149385,0.007922809438707483,0.02248489453762869
355,-0.01714562885407446,0.0020080889321154385,-0.009704053821015734,-0.01372823992113994,0.058239608340962735
356,-0.0010455797154419813,0.05458075640290507,-0.014528241718080289,-0.0759787285562765,0.0318513516776395
357,-0.016849788077959532,-0.055773880669391596,0.0031986847605956145,0.040572755808440865,-0.028500277840972834
358,0.01781762809796553,0.025944225227293845,-0.04767720677730136,0.0023747403735316884,-0.007758091686977135
359,-0.004352552768419914,-0.016125138943638,-0.02564180520234921,-0.04858834580202211,-0.0005222964413630592
360,0.03855661949175482,0.027773745222158794,-0.03576228222589149,0.07033853899680462,0.04373411953118794
361,-0.011033911005687758,0.07363723708914915,0.009126280555467575,-0.027206035097753288,0.008521849026367732
362,0.04876723780757034,-0.001483509985819545,0.0036410696360655546,0.000355062374582207,-0.0018693339127877889
363,0.011945713831780084,0.04755410130299048,-0.040140565467404604,0.07925555889785543,0.005133948976722499
364,-0.012466870794860956,0.03191238597208594,-0.008619824020343336,0.007929383066705247,0.015743572624927878
365,0.02781854940485906,0.014572155637458664,-0.012461533856459664,-0.05423085119890567,0.024298233077326876
366,0.025801386383178918,-0.01766373486718414,0.02496526500442351,-0.005426369938680314,0.054424259371034
367,0.012659632327748754,0.05355393018509085,-0.027126090276438777,0.01576383975385246,0.02619364801669749
368,0.05338600899382472,0.07963290183644223,-0.051604629178428146,-0.05211690540470453,-0.01877044747559728
369,-0.030633174621724532,0.016825937286500302,0.012141143363169753,-0.03875665857501631,0.007857347673834572
370,-0.01014770014976665,-0.040706462653037186,-0.0429559550530539,-0.04073547728361657,0.015564330403043322
371,-0.005841539082644007,0.00514679573662354,0.013075350794586087,0.018903965282462208,0.04917534558096966
372,-0.0031521099382958336,0.005486896841312101,-0.0019246430830178393,0.0029874610027832964,-0.04771687508545388
373,-0.025834317692167656,-0.021852058058790796,0.0026131578167974956,-0.033037349543290455,-0.008571045962710482
374,-0.04380623815156548,-0.011149485838942815,0.023799522720716115,-0.04925427848648746,-0.020330633375087608
375,0.00824739297797985,0.027636277451206507,0.020094603341418958,0.05328793592019153,-0.006136950477196326
376,-0.0777131818069378,-0.06082657604457106,-0.02092923421095702,-0.01218370011874778,-0.0452715882242266
377,0.004750080135558093,-0.01012545522341626,0.09899677861619087,-0.09136207198372451,-0.06391787102799487
378,-0.014611606308511115,-0.004617563396328923,0.006720078066941443,-0.04656947332870107,0.02794273775809823
379,0.0272067991426434,0.008575229991663338,-0.06259116952681273,0.035594403289656046,0.0056510666265604925
380,-0.05869988889504042,0.012277808875782505,-0.0368022911565061,0.0068063956265213485,-0.0029799089817576507
381,0.03975458011511557,0.006569062285593609,0.003345674343148655,0.018872438442638452,0.02642140107442354
382,0.002288954337130805,-0.008553845482597447,0.017832908770414862,0.036480810644746314,-0.06079144583815848
383,0.029449532043682607,0.012339848561012312,0.00608256110546505,0.05805249767995404,0.04137059694908455
384,0.004557942463129683,-0.051231758026115154,-0.11564573702415616,0.10381112017268572,-0.04642597362892583
385,0.023734104348207795,-0.026663135016069116,0.0661604728932461,-0.0354716347002427,-0.03146993592039017
386,0.027574058595921977,0.02666892260035133,0.05083089942954897,-0.014672669231845278,0.0008885410561395961
387,0.007891302999287933,-0.0014032590493111632,-0.0040653845996931675,0.048005191853247496,-0.007394656379806339
388,0.004071180017981055,0.038820631528706614,0.042503342357754596,0.05896006395861894,-0.023446179429156732
389,0.05051939545383172,0.003999966325109508,-0.024607874060173066,-0.026088762722198643,0.02814769088966989
390,0.015398982659428812,0.08120276433126375,-0.017057241088121802,-0.0717536183217947,0.03249685496791922
391,-0.04038990178533486,0.02631036416504305,-0.020468212692452824,-0.028022648544308307,-0.06199089152722964
392,0.010673067329071279,0.0319625398144608,-0.05371426977762931,-0.04109804354916303,-0.017476134327938545
393,-0.022420451529379493,-0.042543314634797075,-0.044154255957503996,0.03136345836599886,-0.041000424516916316
394,-0.015760181611782463,-0.07029111376250684,0.006585544765865017,-0.09293405818591718,0.026671440362141554
395,-0.003961295131207701,0.012441928045632773,0.011532035504629126,0.004015183635762174,-0.12790354820927136
396,-0.013052501274790972,0.0074715716862430726,-0.07465784124259171,0.07951523082264131,0.060298193085235756
397,-0.0005561357873180338,-0.02247930919105584,-0.07011187763855445,0.03610095325902582,-0.047576940018765466
398,0.02183520446362449,-0.02383129668250123,-0.006641904035486334,0.05361772787080994,0.044220991721612604
399,0.04461256440117638,-0.02848402290935403,0.041333767025311004,-0.00714302980809654,-0.0598882943712183
400,-0.0328125497447774,-0.0013137315720823427,0.009236332978101777,0.01814450397397225,0.011789728725026365
401,0.033150180001389924,0.0035359163467190667,-0.013899550365958337,0.044992140611927384,-0.006438008882047949
402,-0.0046041372250052275,0.07759720144116357,-0.09153381558863366,0.046077406798775575,0.024648961491077367
403,-0.009149236312605256,0.03230208554311796,-0.0077281337022982195,-0.024132726774149526,0.0072143034206900575
404,0.021641297486689602,-0.035502253016049035,-0.027361116401403856,-0.021955653382604655,-0.05406450233755528
405,0.04965596324827718,0.026128462271191654,0.021919908617367978,0.06956811930581153,-0.019207624421366053
406,0.005047856108751745,0.05808382357186674,-0.011089953424730148,0.000774562838639505,0.006578131546610315
407,0.023256716840940904,0.01423212292756516,-0.054602987040323056,-0.010696915261060466,-0.026241946816335678
408,-0.021739521997189377,0.00730431947822306,-0.02747469851421245,-0.011155526961203699,0.0014110677355598789
409,-0.0028029107987980403,0.040419903808657606,0.04772546296095751,-0.011376364005917006,-0.013017554367514207
410,0.015796358530128764,0.0025835558643867614,-0.00389228138827624,0.0770925453709407,0.015582652566015744
411,0.04821850842109453,0.03876836982536351,-0.008303927806274227,0.08146010995793601,-0.0002610488052407836
412,-0.006287259755598404,0.02402325847636104,0.05893362061525838,0.06320335183154817,0.013163910302927748
413,0.010081064411539012,0.039650323071765525,-0.0560181506363681,-0.02877309600047493,0.00467867130640031
414,0.03759255800619482,-0.024907429168611606,0.0024341235417525975,-0.03891302017302782,-0.05206003594133654
415,-0.013978380514785367,-0.03680723804153404,-0.030582950318456543,0.011053655167979938,-0.033757568824704764
416,-0.030502889767123592,0.017185124699745667,0.05793690009780254,0.0363288301763479,0.009932634470853578
417,-0.03045177994926105,0.06710071880618856,0.00099325053290035,-0.063870401861776,-0.023423082346966297
418,0.02604600504483224,0.009981880273408544,-0.04886978088914621,-0.035289380120231806,-0.013305633724035398
419,0.009488475465708237,0.09625410681765371,-0.05537645772381526,-0.0436022947928872,0.0551784289939596
420,0.018660000669551837,0.08770610890261488,-0.06143992457019656,0.05000156766388637,-0.04272350650661255
421,0.035934437509465664,-0.06537887992497311,-0.07396919689762732,0.004169247864922593,0.025812463634683716
422,0.04532059639431957,0.035904938237851694,-0.09306449903943265,0.09328638244239722,-0.05254810538247931
423,0.013883959838298307,0.03909913490504606,0.007127080759848281,0.05438359696586818,0.03479121056457472
424,0.007900443629769657,0.012652037257084395,0.0019729347248287152,0.006589105640310653,-0.03969839468176713
425,0.011887914498104394,-0.010629602804918472,0.01629539320303073,0.008898464007646557,0.044867758111558034
426,-0.033049367644862646,-0.0012905215847225735,-0.04161943155681595,0.00012162432335059356,0.002598127781317506
427,0.025198127515948954,-0.0478375966380444,0.05898378757808715,0.06501098876232043,-0.01991775449157883
428,-0.021854770903816555,-0.01784329700520573,0.036135325529929256,-0.03308901610932727,-0.023082422945463758
429,-0.032605051518897005,-0.080875435341982,0.03838791963415151,0.05099141299659708,0.00044009857839036673
430,0.02589259076770297,0.07855694093074958,-0.03958191066162495,-0.05027820758996611,0.049001119424434546
431,-0.005182557440865763,-0.0029889751302355633,0.026960756350678586,7.024087875166611e-05,-0.008249785804802984
432,-0.004021965182399612,0.024132800535230082,0.013881216100581628,0.03315063656438107,0.02365218360513651
433,0.0426248732621797,0.05931352120500479,0.07624287565157242,-0.02489849941692652,0.03624282471851885
434,-0.022035304113638295,-0.027262622023587178,-0.062201518773851945,0.05339122813751529,0.037986059638195145
435,-0.02104491739773206,-0.004415021317109083,0.028796432146827335,-0.030980468285736938,-0.016512912928085578
436,0.07220087161547938,0.025217641329217583,-0.022865503977437588,-0.02107958221928499,-0.04469649562528003
437,-0.03136875730183026,-0.011668538563929246,-0.04726569119206009,0.011692021065750772,0.01981458769413383
438,0.010286657865109208,0.0190664166443937,0.03458452674529953,-0.00022384015678696915,-0.04449839988925239
439,-0.006448565858031286,-0.0023744433646919784,-0.04827333808116937,-0.04213461122817771,0.03567951722761855
440,0.0388532120875507,0.0269985712238874,-0.007510569343535942,-0.01871901107902972,0.01426059190092657
441,-0.11330607790436067,-0.0229958357671819,-0.04111285740410249,-0.027548987977377766,-0.012629699607800634
442,-0.018969450897505465,0.03557917181591194,-0.011081843898391714,0.00917870972946536,-0.02978339015937295
443,0.014082089226642294,-0.04388078333462418,0.015367283076057059,0.03505848865553803,0.03338950097595047
444,0.006629490317042101,-0.0015858779662793342,-0.0191824842921358,-0.015113832239761163,0.005041259703189497
445,0.011919795580881729,-0.005093483002966741,0.021916260974309678,-0.01836610640964806,0.027081943655095708
446,-0.04744174651843498,-0.011742200224596724,0.008423059312596244,-0.030868920965023396,-0.0017297966386053167
447,-0.007430354048698011,-0.0010649547031328192,0.023744869707924776,-0.03843218187579953,-0.06735442875942688
448,0.015085384066273279,0.033849033881943026,0.023817944491108245,0.04304118604393877,0.10943519992515938
449,0.014364337675583132,-0.005547962857888857,-0.05524919234317641,-0.02273105030631784,-0.02263468602670545
450,0.005141463136944413,0.0591837698992244,0.09647944572037542,0.034025337408256355,0.018815117852797634
451,0.011775913976867811,-0.017685845402715936,0.015138177566496111,0.039421813359012986,-0.026910950733723592
452,0.013344108947250678,-0.002999332035783866,0.014794064896097641,0.01992305925058814,-0.02845548277382957
453,-0.017220483980488692,0.0021821502465097647,-0.013568793937539965,-0.057378610043706396,0.013509414957085413
454,-0.01845225741641915,0.0035875222030232615,-0.01603142250203072,0.0347192961801415,-0.0007477474654802412
455,0.036424986497848616,0.023944196662368737,0.011454192402708945,-0.0038171707938255235,-0.017854064149078117
456,-5.402696223328479e-05,-0.020855230247653456,-0.019518038617198988,0.0018005640872419291,0.040017520612153024
457,0.017544404427669115,0.04665911772988078,0.018049474869784258,0.08012712748169146,0.02408477862391941
458,0.06743394270899283,-0.02261798759672093,-0.018081989087083805,-0.034572154100107465,-0.04464640945487344
459,0.011532657415500303,-0.014609206648374172,-0.017025694723438994,0.02437847942246556,0.005705907787978062
460,0.025516899548360006,-0.07837761396869314,-0.06825587201453415,0.012071548344647782,0.026811903230730606
461,-0.007378982345158682,0.01619271338197429,-0.020394069626703364,0.012841108763488499,0.015302664036049095
462,-0.025442384966437373,-0.031088291428731048,0.0338426542920883,-0.036504273842015884,-0.009324138446502435
463,0.011430206302485084,0.02905876783578231,-0.04250183225949272,0.021557209972616394,0.027426936528372393
464,-0.031535449991167905,0.03654779937077938,0.0018424050630906955,0.0004273763656014964,-0.006516856065828301
465,0.01114750160552106,-0.00029173624923850214,-8.102010304326251e-06,0.020206223631834958,0.015011979300042945
466,-0.021214662117049032,-0.05019932452206109,0.026563952380061713,-0.010319733874100245,0.008312680661792905
467,-0.03135422330197481,-0.03236608915016263,-0.037023886643953736,-0.027535967241753386,0.006829290362716199
468,-0.04092121960535764,0.028378948015212273,-0.04636179483021617,-0.06830181803042532,-0.02076705211567218
469,-0.032879144217731936,-0.040699229149770894,0.08224654794610788,0.010237875227309557,-0.0011777923916272103
470,-0.028111306296095387,-0.02642209824317475,0.07728717331004135,-0.020763635567240254,-0.004049890650764608
471,-0.005272607914857107,-0.04235810050474456,-0.03878967232665614,0.0494021068781371,0.011294596384595635
472,0.016812706673312486,-0.05293473877897194,0.009697093325136096,0.0759214884903904,-0.08108645805698303
473,0.024190141109040414,0.008405247967092097,-0.04023045101508759,0.0786352841847528,0.03203955218633639
474,-0.016088174933270777,0.009596277089006766,0.06046152972545573,-0.05111570719842952,-0.015638767796571456
475,-0.06632068737968465,0.007302837902358447,0.06018458615442836,-0.06296064821101356,-0.02092430760283152
476,0.012727769294539233,0.036218310729653244,0.06524159354630772,0.06880509101052884,-0.0053686272627490456
477,0.009836804859005299,-0.019840242411897163,0.07026179798483462,0.042054918222203,-0.004553360984042892
478,0.011461356665732015,-0.021019568182659914,-0.05994631685578092,-0.009375234775215114,0.01966994784692354
479,-0.0009822734219751064,0.02327545156236667,0.04749465203804328,-0.07049711672960109,0.032242364235174424
480,-0.009047002185197297,0.05083605940477404,-0.05430972140916458,-0.05123831524833575,-0.00932640548548358
481,-0.019824671550684785,0.015886969935322796,0.030255936557707523,-0.014496499640493918,-0.03484914980834379
482,0.017469341957128532,-0.009303885679410564,-0.010297302110150204,0.021447857445382478,0.0044214400873858525
483,0.005021473635845954,-0.03481294645992739,-0.004891889830666518,0.03320472685592525,-0.014189239399471665
484,0.008043331776422767,-0.028097390119665014,-0.11420566252611732,-0.007674423010926717,0.03322932051155407
485,0.015853920783423132,-0.017971788123256973,-0.07631850170230645,0.07410757219471639,-0.01657465937896134
486,-0.05594091432424314,0.03535098433789086,-0.01402978620032293,0.04488453816763298,-0.08772302966270554
487,0.034170290349753364,-0.003540098684972173,-0.08604486632908502,-0.04936125178297171,0.028326539655907423
488,-0.02103306776136821,-0.07694887198105801,-0.0014476434959154504,0.040859799929862224,-0.0031406697726095185
489,-0.0053838688147828245,0.009063368216703067,-0.01981768202936988,0.05874013258307356,-0.008962512398037935
490,0.01193343587281483,-0.005560326257280954,0.02007714223337207,-4.850134300322592e-05,-0.021985145640984177
491,-0.05246811879846712,-0.05118438891888135,0.06661849233185745,0.029300922188611835,0.022794893362945733
492,0.05012989633276068,0.025239072489564654,-0.028651534279575428,0.11223845678316759,-0.00887745101379947
493,0.0023720606493263,-0.028969718293240257,-0.045357523871074265,0.008257457420317424,0.05308276028459943
494,0.029594507590768742,0.036641339933506496,-0.10462312202586802,0.11046895966850034,-0.038436087620310554
495,-0.013246885404674915,0.02567888266898431,-0.054048061506828456,0.0002485406465329437,-0.012682766619235572
496,0.002152036593748822,-0.05308596500076446,-0.013983516062030568,0.027852503204994113,0.011390781786536427
497,0.008242793545614885,0.01701149675859944,0.004547204504132624,0.00917716622153006,-0.025143605396517558
498,-0.05375485125790603,-0.05307783388089241,0.07146322028585153,0.03792681807667693,0.0015267991196720888
499,-0.03896904295942799,-0.03611828020554321,-0.0876758287102394,0.022656647876908947,0.013170729960780551
500,-0.004899133448323626,0.02140504312392679,0.05813669835612084,-0.012836423228624348,-0.01280828803561321
501,-0.04374960905641287,-0.03294209607130654,0.02727022479315211,0.019651617568728748,0.020325081055386718
502,-0.055583386786766616,-0.008709658923307679,-0.0931319010452093,-0.028939596287330567,0.0052208262212242555
503,-0.07469715619815137,-0.015217170690304455,0.0017470452115286375,0.06174605165423039,-0.042023807767516325
504,-0.013088421847884352,0.013126090435968837,0.03748779811713283,0.03292228557018436,-0.040470552836873154
505,0.01117649842441399,-0.038501600034450696,-0.06311687075929281,-0.05565860595822482,-0.008970749264643727
506,-0.007280950499892644,0.027295661267560563,0.09149093472842468,0.008529435034313939,0.07233810215791951
507,-0.03435398753469731,0.02022128983105004,0.026893350548075144,-0.002482175095819354,-0.009608977833860357
508,0.02625151851298882,0.035894793110998316,-0.0043263447543723955,-0.028371391118041708,-0.02398748432335457
509,-0.04214952390476512,0.0591485075489175,0.04406662009921345,-0.05090324585883106,-0.027871577609391858
510,0.03722392511863201,0.08149915218427263,-0.039450659358125466,0.03085089721894719,0.04411069311801584
511,-0.003589231025308757,-0.04990529010404155,-0.039942085712898485,-0.016439867064371543,-0.014907727864664638
512,0.012578241984482328,0.0127520179171946,-0.03331966519059761,0.05013974113646054,-0.05331942078969671
513,0.028876542365656212,-0.05781243843394195,0.0197050194281524,0.017457205508023387,-0.0010675692618687983
514,-0.02496107380846481,0.01900574159712727,-0.06096750067755545,-0.0634598936187318,0.02049301588183709
515,0.033879362498692514,-0.007316703395349355,0.021538567165312127,-0.0115036104145112,-0.012943307320507944
516,0.02473776971328957,-0.018866049317983406,0.018969040854716367,0.032131791334537446,-0.003245516017365024
517,-0.04689335371002631,-0.02315427947708407,0.04555444947219936,0.017941230395056688,0.013981027272847541
518,-0.003185697376184106,0.01167052157765952,0.006701466421473379,-0.04293254366356825,-0.0016602926433797352
519,0.01424155415711788,-0.07618025327655453,-0.019952202692583784,0.003552384745634341,-0.00840457697374939
520,0.007988197777090459,-0.11001692834287148,0.037468398110678466,0.03756585775056106,0.022866782050498222
521,-0.012854603868979846,0.08834928421819842,-0.08613438853057762,-0.02107475816786798,-0.02357620171342268
522,0.025113967821474018,0.022433143787165852,0.03360324108192819,-0.0003508677271011826,-0.028192263995264318
523,-0.013369986309982387,0.07083227116921682,0.06377193663555833,-0.01864966837425157,-0.018515794164131655
524,-0.016169801269948318,-0.028888305851952498,0.03189780473936308,0.07959401912790394,-0.010822745791088877
525,0.010150858717779241,-0.015469519781774342,-0.01672392492339021,-0.039855674521450814,-0.05036354826876689
526,0.02203144961120622,0.019207481031685764,0.02879999107236575,-0.027307426351322776,0.02073553388320463
527,-0.0021045560701597466,0.060438268067890794,0.03503535381774733,0.017487014051693842,0.018742160390979274
528,0.006700454516830174,-0.01574552278418454,-0.030858112733182737,0.10581004109337581,-0.06999049051314897
529,-0.024612895218434683,-0.16472316195978481,0.027521669943667757,-0.06379960917458857,0.04985161526192167
530,-0.021492157040219503,0.04308766814839515,0.008913784590618607,-0.037030130974303486,-0.04713795338419936
531,-0.002071443861556055,-0.031906969622200965,-0.037457805446946504,-0.002715868904683085,-0.055185593614077724
532,0.003145259781605476,0.03197734478325587,0.010057200955691759,0.02803178838426748,-0.0031039259930845703
533,0.0256042352449143,-0.018082728170161873,-0.012107227566693999,0.011766733987266374,0.029655332563308694
534,0.007138856062343201,-0.01289979268225979,-0.040201198805971124,-0.047571320359400995,-0.022652677075980933
535,-0.004831246405112975,-0.004596827911751341,0.05476583172160017,0.016177513744149306,-0.006477471293655952
536,-0.030879154021879917,0.023254888346234154,-0.007744453969184297,-0.024505837295024688,0.007942575308957837
537,-0.003015095022744026,-0.0058231790843897395,-0.019384502299971674,-0.0013293329929311634,-0.025539785013501584
538,-0.00862385279849094,0.037261464725988,0.015127251386813633,0.013076607437447565,0.03267900044411064
539,-0.009968013376784494,0.020350784538940153,-0.008385977028591722,-0.03757133393965584,0.023419164476029663
540,-0.008928117263538975,0.06623812613108387,0.007947503546080155,-0.026128078302547014,-0.036257316634331405
541,-0.022751156891994792,0.05009551678432182,-0.03774740847206194,0.032067246516984685,-0.04288055869092266
542,0.036271894173116395,-0.05400226936164158,0.021246248288345232,-0.030555585250408288,-0.007290272490273779
543,0.015968716873887838,0.060443936791299675,-0.04458461879753914,0.05530471634785713,0.028010506386995898
544,-0.018510192437710495,0.016780796948757802,-0.017729436942368906,0.02284650893287307,0.0379710930701453
545,0.034183526624171054,0.01383100438189543,-0.010195351817492072,-0.007524227662295158,-0.015394651350187477
546,0.033845542345922075,-0.042877593594635076,-0.00831306538250087,-0.0014096527467756885,0.003557022521151046
547,-0.027973139530494642,0.03575387103124188,0.008021927058870774,0.014777986338535961,0.04114986833334426
548,0.08852680057624472,0.01827419584574641,0.011307809549674216,0.0028873485932720587,0.031299135183117
549,-0.01624978095632884,-0.019960177741063526,-0.009573374067982414,-0.025855094908063925,-0.02976311709140346
550,-0.017753527134775005,-0.0063993672829350395,-0.034362847058157134,-0.005801986909972853,0.020582540703982348
551,0.005092784270116182,-0.004812876748377777,0.04823527091174375,-0.03191632173738275,-0.026092149905361395
552,-0.01442077436856932,0.031500615922000624,0.07024446765765577,-0.01725436101487663,0.008540133998260032
553,0.015085958721851898,-0.023135676539164853,-0.06675366260410326,0.011879415588916739,0.0013341564560719506
554,-0.008176074517892266,0.003185072015850331,0.00013006624668840394,0.0016715751854671154,-0.021817627288862468
555,0.0041343720599844,-0.004241769901118332,-0.0019061098303771,-0.05016534176904608,-0.027700269346941104
556,-0.0026513178573737486,0.021383684298429437,0.08559940504383616,0.012244454118771533,0.01785650065209579
557,0.04679172198462504,-0.10773525435729463,0.009193184674943216,0.003913803700766482,0.02058912745713465
558,-0.004698106218301731,0.07985202484466841,-0.1264350007111194,-0.0002870421431758162,0.01870649568690487
559,-0.002481140884111061,-0.05768778730967111,0.0793686967130579,0.05469228152737393,0.0044038094173092105
560,0.019600378621766862,0.0060144856620152586,-0.03729340481652868,0.017478410592722496,-0.04776977967529678
561,-0.009385368007030149,0.019105948043015065,-0.0007261847577136179,0.06498121637179564,0.007005193244940472
562,0.0033926841551637473,0.0010295646868361636,-0.06352992127077209,-0.01661628147571088,-0.02917172074017033
563,0.03693830408008915,-0.007704399828702734,-0.06692658482569093,-0.003530970055545417,0.035738377596284024
564,-0.11714170305003221,-0.05114608990916806,0.07408052830407293,-0.0105009751170575,-0.019599556261503056
565,0.00203575295467974,0.011741768436287943,0.042681842975053536,-0.08268077698934265,0.08861851017490847
566,-0.05283406813098211,-0.02226462379963504,0.03680182754459499,-0.0589961309158112,-0.037999294802030216
567,0.03833088127983995,0.01606234928060144,-0.040489584115581775,0.16887185998201823,-0.04616641971575071
568,0.00043086045349733943,0.033134691932792025,-0.0928162201134772,0.02567668436878423,0.01674230024082837
569,0.025426302207177544,-0.006675049817521059,-0.07068368005323872,0.03563186874429977,-0.027627924420223104
570,-0.0010303985544850777,0.019005739063442897,0.015446656726159963,0.0648250950612867,0.03228148880569519
571,0.016705662948202457,-0.02061218449383211,0.002633868908626909,0.05823330890735942,-0.04666588655660334
572,0.005552706670107831,-0.03289426146353544,0.05416274331019377,0.032801827570041964,-0.010161789347429777
573,-0.015175407468889086,-0.04828940561450326,0.028057158537911485,0.0798002280374766,-0.002453136215945689
574,0.0031825168258594228,0.002460895033182385,-0.034935875515376885,-0.04203965599628397,0.038758421865011126
575,0.00042032557013476843,0.06568586829792539,-0.02213233648122568,0.1006744533574255,0.0034656751573492878
576,0.016866165845234468,0.009527725468684065,0.02544204256816837,-0.026833071883460062,0.057741590023415335
577,-0.0034307833603216143,0.010247078901348608,-0.04400860523850648,-0.029471158076419934,-8.135032459413022e-06
578,0.01458703324062197,-0.010588017474972101,0.01132357674371796,0.00021808250251252256,0.021617993074779192
579,0.020985095933743772,0.03553742665823888,0.0005115689184813643,-0.017677436432559427,0.01104611575824002
580,0.02453972180600172,0.04844853394943928,-0.02307107315953222,-0.02566758928763479,-0.042092181464272516
581,-0.005404992783091537,0.024039664391842464,-0.020078485066310388,-0.05132298811530189,0.025636482319369158
582,-0.0021289176387258753,0.012492130952219668,-0.01596850438181334,-0.022099057311485867,0.06825840490484406
583,-0.013600338359964806,0.008737764570474994,-0.03698939766816946,0.025281399890689803,-2.785358869349477e-05
584,-0.01202965493898885,0.020310712925249955,-0.020416144886859864,0.030356952834851587,-0.047155091549974104
585,-0.002741245786684129,-0.04819157424365253,-0.024563816853310723,0.018197096443627308,0.05269457255691967
586,0.009716955442514774,-0.059533962602060814,0.02699273239230076,-0.05225510666543684,0.024833100866607175
587,-0.02226805647236495,-0.008103874915405096,0.018894093882815766,-0.042387994777483964,0.018305181410299114
588,0.010582369680958811,0.05250676962369146,-0.012955453460460734,-0.010294674531659555,-0.05601596663505522
589,-0.004208189866814558,0.0009751899722185136,-0.0053084085482448876,-0.0019780426374141624,-0.03410914801166488
590,-0.011422472312635996,0.007527928914862257,-0.042776249447001945,-0.044992052932138725,0.06225548493603022
591,0.03324404387612367,-0.021017292091914157,0.02120651671453104,-0.06356609230292663,-0.012589567059769723
592,-0.011677711752585918,-0.038249057254871856,-0.005127049980094573,0.028422847415390466,0.02995873807065577
593,0.0050598060604753305,0.015535741725517825,0.05730090552973883,-0.014826149305881406,-0.09351990264395581
594,-0.010472167335254228,0.008183453828466284,-0.03682969675274064,0.03119649081252378,-0.05040247698145087
595,-0.06948198844236943,0.01490898354886488,-0.06666865029118228,-0.027086220110013128,-0.02629187270776493
596,0.037156749454252735,0.04395548503619257,0.09868070279859281,0.11521220830794168,-0.035323689621334996
597,-0.0016787580720321483,-0.02641706152072301,0.04869969626890849,-0.02259500155978424,0.017963544209617016
598,0.016375004802640238,-0.031240970476568104,0.03614943063965176,0.010108886255762966,-0.000622497037693107
599,-0.061130237855993266,0.00880809666610693,0.05107354301133146,0.029900728249401244,-0.0368119819451672
600,0.024143096661561933,0.07351595632614502,-0.01482337344293616,0.08978042611794192,-0.03889417892974241
601,0.021482015983562985,0.05121154622481479,-0.026991143865277772,0.015369849882192116,0.04838390935381957
602,0.04178667510828911,-0.01745304871245461,-0.002390198357699061,0.027278601362853625,-0.014454918554405383
603,-0.0016735798695876646,-0.0513091340878402,-0.04235758359198214,0.05591532986212472,0.005993373106876972
604,0.030175888481595886,-0.018118387375414942,-0.03378518967008136,0.008226815227962567,0.0018744743685670485
605,0.008306316764965781,-0.026997720659714813,-0.015551310628057735,0.0364541349716661,0.0026275135012726186
606,-0.047633619405475926,0.023902332456365104,0.06958139736830757,-0.03826061008711764,0.03493933041928182
607,-0.01681079180204392,0.0726755041093764,0.05094173189445485,-0.0326414150486419,-0.005381951510954696
608,0.0072697161806060465,0.015314825420143206,0.020274913389601714,0.0006711522025725485,0.0033095924420563057
609,0.027566401392206032,-1.6078220672972182e-05,-0.028595115904300167,0.0034806543947265346,-0.023767654823853915
610,-0.023676197342378944,-0.18964625718327138,0.01832763769118046,0.04467117460299974,-0.006802591094560564
611,0.015581622367152477,0.14348507249535825,-0.016592212537723,-0.07628334937117504,-0.008729973098703422
612,-0.002201358801597655,-0.08677606207057523,-0.07199039799999887,-0.0048915190627788225,0.005356907522166493
613,0.0071321308778291796,0.0793848176187528,0.09695001537310804,-0.07571996023763163,0.02032972882782552
614,-0.009876873465836489,0.028070430116850238,0.0003084348130660327,0.05253081312690868,0.02940789274147241
615,0.014836289130649645,0.027224121379100265,-0.041060247506268965,0.0114968698721671,-0.011005206423809038
616,-0.0006881822949078437,0.025123638596867427,-0.03350105652701585,-0.01631031606767081,-0.0246244264016029
617,0.014538428741179572,0.04975010526548915,-0.06544918047231263,-0.034100190966688974,0.0213172937959114
618,0.026440160610459996,0.05084187708848033,0.06521336709194595,0.06491581917683469,-0.026203709184270174
619,-0.006607152415134054,-0.042989969872606164,-0.030359791140945315,-0.036903646794889874,0.05362967450509551
620,0.005304350904057762,-0.004975388710103491,-0.003483067390950818,-0.030334070253553683,-0.04520881097488792
621,0.0008627654889969299,-0.007568986043067681,0.029072996394697903,0.03233721791308952,-0.0396420079815841
622,0.004025235059880363,0.013879148868130525,-0.029620757095535587,0.016460969612288573,0.03077379855063492
623,0.0010033263625389768,-0.03473288710830526,-0.019420084873321686,-0.007994647943943972,0.07866572864047043
624,0.001443841960077158,-0.02945746466028396,-0.005094166932288258,0.01411232315770405,-0.017410147643474864
625,-0.024036392092383185,-0.052626693787030346,-0.013688305792639683,0.01406098793421831,0.121365724486358
626,-0.010038481081572308,-0.052371944353923665,-0.005556867546153015,-0.022204499166230608,-0.044108665172353775
627,0.027563555336134783,-0.015297766274640436,-0.009312230463861218,0.01538528885802437,-0.011018253557288693
628,-0.01597586566804937,-0.012949980354341428,0.01712853175274004,0.016322681864035328,-0.013086583336355019
629,0.027342628274569722,-0.05674558370853015,-0.024340579223804875,-0.02359989296198464,0.05665764822093934
630,0.010979208554630037,0.013668560403379035,-0.011298620494400903,-0.021451224903554188,0.1308835510691387
631,0.04036999990818226,-0.04886748002024083,0.006832429095949636,0.062231955589531845,0.0024030212977831054
632,-0.03482027422240599,0.008745881995238004,0.023988714044554094,0.04189581605310515,0.05103006281009875
633,-0.012656950487551957,0.0246067205317287,-0.0006263913061561365,0.026841766071697155,0.027619390374486665
634,0.0037422272773860593,0.013051225716440311,-0.004340961371941763,0.03282922334253601,0.021876399402009215
635,-0.009367215564787297,-0.026319635712633932,-0.0005232962494053639,-0.1046341827601705,0.014869482220859749
636,0.00919260774322445,0.0035748971530592836,-0.027376486323187822,0.01362011118744215,0.027696132664815597
637,-0.00042040189636051634,0.06759265145210872,-0.005551973640306713,0.053931205472584155,0.035260948389658556
638,0.015956666001799305,-0.0020995113475888692,-0.008264159140402669,0.09773648295759338,-0.004949191934791642
639,-0.012787505978717214,0.03347940216130879,-0.0658419778630353,-0.009439493947912332,-0.010928644795506925
640,-0.03085977132401966,0.053396683435934414,0.06376001798221924,0.005614272067375817,-0.022555809882871085
641,-0.009803042664754721,-0.023761937044162892,0.0010831833666508466,-0.005642069512495195,-0.007730687845410212
642,0.009068939600899897,0.020071492853847156,-0.04962431366081024,-0.005130979632562961,0.02930900155854005
643,0.010821608560912755,0.011218234289248518,0.000706806875950464,-0.00573899470429797,-0.03500419036970381
644,-0.0077577879016471896,-0.028395148317660882,0.0219031944834066,0.01081025848149655,0.04277606307527056
645,0.032584906941304205,0.03747843856111731,0.032997417715158364,-0.0056265712328460935,-0.058679299347346836
646,-0.03355353270140915,0.039978776360060975,-0.05814961245586401,-0.021880145126941357,0.019916964500429693
647,-0.0034799705708091254,-0.02354667227495078,-0.09691908849820026,0.000983157377458509,-0.09089976448561138
648,-0.015041558327519055,0.031703958205457454,-0.03142691472554413,-0.01725189559521298,-0.04949935688073855
649,0.007551422709253691,-0.0012326030724343555,0.019481582832777955,-0.010167861539035618,0.046204031533380624
650,-0.0017896189152110387,0.04541707293954693,-0.009499088828302655,-0.024210564445421055,-0.047386496213076744
651,0.04633949872556512,0.042744126413622435,0.09870480611812707,-0.01142567959753368,0.049378376332479865
652,0.020767617242769144,-0.013601901127723292,0.019637178178019604,-0.031915011164926,-0.015471520510425222
653,-0.04277835728954462,-0.028895913469003484,-0.00039675866168612135,-0.03144280807502472,-0.012250065596731922
654,0.0022553711112280024,-0.053469456601234276,0.012093035486753004,0.061578571326774884,-0.012087067667411983
655,0.013714678314664558,-0.03429651576858199,-0.06700995872889846,0.012357150340192321,0.025939670994196917
656,-0.02923863246382364,0.00045494401598080575,0.06250134413920604,0.07180945022534264,-0.07809659239793781
657,-0.01202975207336046,-0.025184583132637856,-0.08819515628993602,0.029543206108451146,0.0478416746941964
658,-0.025469522067318066,-0.10272870751465438,-0.01893162618558299,0.07573361909258405,0.016804267993315546
659,0.03831679436613866,0.007001629690948287,0.038743690194643715,0.07835169748080166,-0.028329959196789784
660,-0.009924148314187444,-0.05962622365199399,0.017975448210258878,-0.009602481349210719,-0.018401924250066953
661,-0.03954882792632046,0.004499905966937796,-0.010196928772158515,0.06882135179883755,0.024344268188081997
662,0.05589816061362627,-0.03405899497732866,0.08916411755778143,0.023447042714416298,-0.045123796947918654
663,-0.007636951015167944,0.04937498460117423,0.024861718245728248,-0.032465594398769074,0.046227150728117644
664,-0.009739909244657645,0.07409416099665703,-0.08660720685089662,-0.008661342566035013,0.036722182370324985
665,0.02676604488214631,-0.035774154706996866,0.003920741069592393,0.0768430455988805,-0.06746859145533965
666,0.017320071773575516,0.03848913323761109,0.005354565032228862,-0.014918570845440848,-0.03170385623223186
667,0.013308302132843137,0.01682542934492858,0.016535864389731043,0.02735160943985218,-0.030741848295458327
668,-0.006500218505004929,0.0020453520577358875,0.01505137444468815,-0.010319905384467233,0.036655345281103625
669,-0.018433760938853253,-0.045245608271464566,-0.049725873998659686,-0.057657295290157305,-0.02933659492241441
670,-0.005766331910155562,-0.02877846170234414,0.0012810186092494943,-0.06738983502773771,0.003960140571014129
671,0.020609752930482058,0.03224316681516142,-0.020003696964653803,-0.018112864894839112,0.008397688730386581
672,0.02343617209433159,0.007458407809817651,-0.04501602658746582,-0.05318363219866258,-0.011836882174030804
673,-0.01643316917971685,0.0056526241148935384,0.03782811440103375,0.0295039619489032,-0.008761526790728408
674,0.03310159427658972,0.013136046685768768,0.044098699742592964,-0.08753636708008831,0.00637511108809647
675,-0.018983451745260532,0.03284386495382905,-0.016351043887469413,-0.014628268308113403,0.028380830634662554
676,-0.015027451694057215,-0.010926836930837566,0.03924407822479459,0.003760293922866533,-0.007274020944617009
677,-0.015582797633157511,-0.005277633193166244,-0.10346809063805731,0.053666867318222275,0.04229005852619057
678,0.07946636102034807,0.009103915304529395,-0.11376139946520933,-0.07772893801492255,-0.022748179263905804
679,0.0012120134487555272,-0.05536168523736937,0.0025298800121536496,0.0033603317458672094,0.021080914845692578
680,-0.0020103735041869506,-0.02652766974188623,-0.04635277023546778,0.022818517268026674,0.024934211351911012
681,0.006165918211202999,0.0035251609260260053,-0.03187667048899932,0.05062090988566372,0.003258074698788839
682,-0.0507312010450179,0.01802476478334058,0.02349223308251171,0.05348780656256731,0.027885474487755343
683,0.012724580758422716,-0.017536382475948478,0.0495819062629453,-0.017460937816800005,0.005909535509990491
684,0.011669106587957286,-0.0343223107310129,-0.029728632024362642,0.051165884284782887,-0.010443493476042367
685,0.00758998085335727,0.08904265625598756,-0.03617805431911647,-0.07837913767742873,-0.02790499456051855
686,-0.005343433085794087,0.025794502705196294,-0.02951766108402007,0.013052857355450979,-0.028669039057584608
687,0.037407507365736295,-0.06611559359362058,0.07193627138713966,0.08220841360258731,0.006294487586770772
688,-0.02192282268560579,-0.013739511999200107,0.0026267096830945077,-0.002432957137119057,-0.03280576435890728
689,0.019366646068959496,0.05090990964445334,0.058471522770242694,0.026618342678263296,-0.06519212367080561
690,0.055380425879489256,0.040422561317861344,0.03527751961507092,0.04793708865824205,0.0407246748079382
691,-0.03140042758425672,-0.09611933546476932,-0.014278542787972567,0.03287684713739493,-0.011730254063402862
692,-0.008263545947634832,-0.007352141206238751,-0.0022940401656020033,0.011431787264136007,-0.024922492490993736
693,0.011168581806335644,0.015219866645181133,0.029442431572662874,-0.06536971132730712,-0.008775442070613513
694,-0.008698524054534723,-0.013906418305926156,-0.02284609341466047,-0.05726593574399035,0.01767704650379745
695,-0.028447778508923997,-0.08382223637830946,0.026720722893037563,0.026393394755484943,0.05519255498596498
696,-0.027163118963495218,0.05528094470987023,-0.036467101750395095,0.0030298267208896806,-0.02748030512463435
697,-0.03238871493772203,0.032398857915268746,0.11891349650400777,-0.029636537585858214,-0.008462521678869633
698,-0.016898165269539227,0.06057676541539773,0.002735716254820387,-0.03594768802340455,0.06406994467580043
699,-0.028701197975424638,-0.014613660148222586,-0.11888346087596305,-0.06344619591977062,-0.06888345477646896
700,-0.016714048770802514,-0.05434243935984466,-0.09097053857068724,0.004239332079224917,0.012587145596986508
701,-0.0429725615418502,0.024421176791056178,0.07784552032408376,-0.0579528211628184,0.07023769362632842
702,-0.0058318203237254,0.0032627379693256388,0.02142938545685344,0.04609800758002282,0.1073831767183467
703,-0.025503566356312606,-0.09143945640822344,-0.0908692630281439,0.06838857716716037,-0.025759884835778547
704,-0.011337674402933675,0.06413249925378753,0.11733523904765637,0.05581545948571566,0.13747390028163037
705,0.03710115359051958,0.05476356975909574,0.0770983893837306,-0.06096685313783011,-0.036770748046810686
706,0.0016883544966753844,0.048213321943975825,0.010838102545084168,0.004182786367015389,-0.04910220864947115
707,0.014013613111597765,0.00863837492680431,0.0473535968264788,0.041695544975891646,0.011601250406949898
708,0.02219618973017174,0.05025390334975538,0.0333878363099137,0.06093192931636296,0.0448413934307656
709,-0.028433233969115294,0.09815539544823701,0.11743131092143207,0.027686086897648756,0.010471463627929618
710,0.03668207771174871,-0.004509960647667337,-0.015597791974564013,0.0037510302835317057,-0.016352746112225543
711,0.022597125429547525,-0.04105999199810864,0.025136212800340334,0.028592233262370058,0.13752882970181435
712,-0.011589308525947833,0.08160585125146927,0.02716301138197866,0.03618667132638751,0.07175483933486698
713,0.02114678836395105,-0.0565577376940149,-0.03129663937094352,0.0151703915241873,0.1114585866286509
714,0.010519555288981606,-0.05400152028603468,-0.04428043288445398,-0.05223485926922726,-0.16821878771923948
715,0.0019534670402021007,-0.011017615903918523,0.023402998589320774,-0.0049962930961181115,0.023182701620160562
716,-0.020555411499501873,-0.04825207304827166,0.012471158689221381,-0.015836926492660445,-0.002306029401356417
717,-0.02229070695080104,-0.030052780592871354,-0.02979653089234197,0.01852115984315191,0.008127095862212361
718,-0.03153908870792823,0.01375819206064404,0.0001653351259587616,0.029516364265447743,-0.03343848699657895
719,-0.021801437833330703,0.020406830393055755,-0.017235575013057725,0.028338279398727573,-0.08125473373750945
720,-0.0003276404973465187,0.018301109739587713,0.0276057572158571,0.011793123965583855,-0.10120386966931891
721,0.01655422491615605,0.028587201585166942,-0.054633151455766235,0.04093818124209393,-0.017714005321253782
722,-0.009672612189075398,0.052326267791316,-0.0408166678423,-0.04476852864707648,-0.015634863430805744
723,0.00942931903408587,-0.001555977742947235,0.019657773440013227,0.04629398344252225,0.016349413844941697
724,0.04064208883626031,0.06446610495073592,-0.021004002452188336,-0.026143472933044382,-0.05928375745919214
725,0.045400460179629995,-0.011211148561283116,0.02115848789710758,-0.045831105097098014,-0.07911197909422367
726,0.022708233274461004,0.006799959482136214,0.03302491324936347,0.06287459606441485,0.11816581227269604
727,-0.0363352226611773,0.0038820817258967515,0.012886114682177707,0.10179328533999933,-0.04521469858641494
728,0.1085817941861641,0.02418105992237741,-0.006878310172668153,-0.04673303506803775,0.04985277275729648
729,0.013450508458599438,-0.05667887929650816,0.017254915776980188,0.026758446729914523,0.04421975349303703
730,-0.02638571601567467,-0.0542945164454582,-0.03517297339630884,0.030494097550782244,-0.012893663491695892
731,-0.002656244084251587,0.02806110765396963,-0.0979530514800104,-0.11364539233194398,0.048135617844307955
732,0.009253926118899167,0.011984622760729556,0.018642381673147693,-0.009744758798148774,0.0211377232255997
733,-0.045435885285051915,-0.022051481864013962,-0.026788461573115853,-0.008261593903440915,0.0056931473241274184
734,-0.028267583919334573,-0.0004009183851264612,0.012273890473510558,0.029755255086201873,0.0023515776448400152
735,0.03705002503457202,-0.04386378945260125,-0.022072021419530408,0.004055319858532142,-7.50950476216504e-05
736,-0.039467975532208696,-0.03710069722454472,0.006353130069474166,-0.01093369271598188,0.01042540563142741
737,-0.011030101400504842,0.014083873241899688,0.024001473302413714,-0.035833305871313635,0.04233238829276474
738,-0.0034412187017611433,0.04288791676884655,0.019068150158707484,-0.02301423006196778,-0.02388067333654867
739,0.030837197285559594,0.0470867493081434,-0.041955602124304214,-0.04492843482491368,0.029234770154555275
740,0.03001784201903627,0.07633250628009296,-0.041333976637698236,-0.07222511762389491,0.00754954414300045
741,-0.06820275858698778,-0.04155714189071861,0.05962740035202026,-0.013974438120975513,0.024022733434178496
742,-0.016082329341013488,-0.06299992572944915,-0.045917446126475366,-0.045363252931452935,-0.02746340615193712
743,-0.01898481100449586,0.02470034151526304,0.00793731318153126,-0.015141118707027723,-0.03773422614465309
744,-0.00917733065093874,-0.04965555971660928,0.0065708135769549925,0.0008987516532222694,-0.042615375824030424
745,0.036169363700709264,-0.04916878629304265,0.0010253765516889703,0.01973934325088378,0.0007018668738629393
746,-0.013309158587354403,-0.034258646671001085,0.00374328771859234,-0.03725670900757163,-0.04030640837952003
747,0.017122658575430903,0.036235560899526925,-0.07405863969151726,-0.07532271485744382,0.12851599229005237
748,0.04560788371700992,-0.03838984617604514,0.012935178646764009,0.08904700692225881,0.004326826721792628
749,-0.022415384244679662,0.0005549949978998006,0.038796024353667316,0.017007922937635905,-0.012863777425498048
750,0.004435498071311316,-0.08024587398151692,0.008778631333928711,0.018024091120454902,0.03197073502077861
751,0.02265908756295442,-0.009743044678611569,0.024829582516750888,0.05933550241614759,0.018099699427661577
752,0.031475835025490284,-0.03422953843754551,0.018331049788796308,0.11374975591152524,0.016464950267203085
753,0.05714487326682205,-0.005871714316216792,0.04107755002566015,-0.022170620208510246,-0.06506057935104323
754,0.005856022992968252,0.07357798044385312,-0.02874651362963363,-0.1077491008569774,0.13078060817462456
755,0.01916887212521319,0.012020431802893194,0.09350812101975353,0.08558287189591486,-0.08375093732100881
756,-0.023050040564658297,-0.06710265922440233,0.07505371742971229,0.061716349025621765,0.01017115047007518
757,0.01971718859019099,-0.0024195853571869347,0.03912883903707076,0.01257816555892702,-0.030871343484875677
758,-0.0018349089679123758,-0.023289735779579848,0.018064571837344424,0.008046862762164693,0.006497397983759253
759,-0.04759168382441212,0.022206420901667186,-0.00045472912525206834,0.0048664226059368185,0.037239548676916104
760,-0.02055700274401523,-0.05659081486616281,-0.03501250083577185,-0.08851371297959375,-0.014283052736015872
761,0.044374036742783896,0.03267608199214872,-0.01532228173336857,-0.09894431845760257,-0.009726791952703531
762,-0.03204470544240526,0.018607419594876856,-0.023804974686838325,-0.056046206504717325,0.021058010748807057
763,-0.024230090770564303,-0.04092992089473067,0.024212604936073443,0.0025918770405578932,0.01230606040735274
764,-0.02343265153808966,0.059064801943700736,-0.02224870250752948,-0.03535748420697674,-0.0680605742964468
765,-0.03674474118604575,0.019620913805811598,-0.09511946106968647,-0.03424095221844557,-0.003988970229854711
766,0.005009359996908599,-0.028065046630771022,0.06025217482554479,0.002540249015810205,0.016871691779017192
767,-0.019373243042957088,0.0723882068753224,-0.045083007889110946,-0.08212573004570309,0.02585422842465899
768,-0.07088711300924931,0.008039611648204019,-0.04184332887839434,-0.061269493896422514,-0.012535376273282585
769,0.030972537338301888,-0.08425009792043772,0.020233670371548742,-0.03899877542361372,-0.053548307491762995
770,0.03477553229893313,-0.03484075213942949,-0.004126207776725729,-0.052648437021239725,-0.022151454294067868
771,0.018733924922953504,-0.06401681533901035,0.003776482457963728,0.026401879600066444,0.04181282720421536
772,-0.008016169254071682,-0.029412617972254404,0.044659001161902426,0.053843171010582995,-0.014856240941011713
773,0.006930715944832681,-0.08526422165063163,0.01964920663155266,0.04602891476392393,-0.0655044542168692
774,-0.005727462164629249,-0.010758495463481808,0.05115704118374924,0.05373153136198655,0.01831222670541719
775,-0.03303944606834934,0.06179294839962619,-0.05243601235265222,-0.061707488997850606,0.025102457172858958
776,0.07341933211823912,0.04890446046037064,-0.009562899708561792,0.00014792492636093307,0.027744797872398436
777,0.00950565769241729,-0.08250456527222326,0.1111553880100265,0.0515470162269487,-0.06362962404549646
778,0.05504192246273307,-0.04150207209150978,0.0013159063119509758,0.03347147792003806,0.03350601998563435
779,-0.041025461495832465,0.033684385277299056,0.030381580805413703,-0.008942027393131562,-0.01515512938092261
780,0.006854111831957505,-0.0010310051593216234,-0.005847600138075219,0.02106178643075296,-0.02077501095221847
781,0.02912793924037569,-0.02898903589489862,0.029796363144075775,0.04343449852689293,-0.030466513537869215
782,0.05268005561524141,0.047375186288342336,0.0031560305193053927,-0.0020960636658059126,-0.05417642277546074
783,-0.06765635674995124,0.05016023531136855,0.03226573123531788,0.02562976572553235,-0.02242470645040848
784,-0.03369241740011691,0.01970206167607948,0.027419531826322847,-0.038810911593656225,0.0016432064741797713
785,0.06727013736877034,-0.043991116682570816,0.03322147694078638,0.05909557955217137,0.11760170524407582
786,-0.007255357943934997,-0.06101376245860574,0.005740849106510012,-0.03714633832314515,-0.039999761409952816
787,-0.005730230947273655,-0.03182398686047375,-0.022779296919893898,0.008049700142275937,0.06320364820091451
788,-0.030987066809377052,-0.0818722319431919,0.008502970584802755,0.03367938301190859,0.030680563845081235
789,-0.05316056092134795,-0.0022618220185587623,-0.061591550938612544,-0.04911032561539578,-0.010382325289376493
790,0.10167296533236413,0.002300908221270986,0.0005008957141443351,-0.04767117568487894,0.02094632411026876
791,0.013151525920481431,-0.05365649120541348,-0.011643051084317362,0.00709655212130627,0.09270267487779832
792,-0.022932357021083802,0.0776427340815262,0.029316512034043396,-0.01643800431081733,0.061524650647559485
793,-0.020552776635538974,-0.16704098151859403,-0.08801308905799096,0.003184632426190149,0.04045845822750518
794,-0.022342411419436756,0.012111827653366807,0.0001522636490823956,0.024511674461557255,-0.04248838627435467
795,0.018894906321144305,0.0544618796740165,0.02179553866890122,-0.0202855805600981,-0.07082081395700227
796,-0.06297363153949571,-0.05659757997811023,-0.028715304712697426,-0.03965426974001684,0.135812731880905
797,0.024411417572307345,0.01623123355597588,0.05919375352893536,-0.0459911317332931,0.01720147793498913
798,-0.045465449020584595,0.09277720529374137,-0.08173635845571772,-0.08178084226988566,-0.025892287680051227
799,0.0045073534871560225,0.05221957109637486,0.003527698636678598,0.03767750004452937,-0.04189421289131183
800,-0.01653535009673421,-0.05285285413289881,-0.06081273919264275,0.026511302128961883,0.010800257483191893
801,0.0035380076674374275,-0.06610274971831603,-0.023972296275998763,-0.054154611103314584,-0.1575972111807023
802,-0.047900766478247744,0.020883617236028478,0.02396440083756875,0.04973409520854742,0.023279561368454594
803,0.004393378634061036,0.003514861259975571,0.02536693897714811,-0.035118987961652394,-0.15024736346908416
804,-0.015168270239830046,-0.05131404751625483,0.047757892978776986,0.0005453121876083673,-0.13728042750172903
805,0.005632739350858795,0.03235256060560465,-0.04527683656097273,0.017322312287721443,0.1497709207470475
806,-0.03986027380009961,-0.010918844764019152,0.02765024650533439,-0.06341653013766226,-0.05055627623017741
807,0.02222880928817084,0.03308809752986629,-0.09939995419997008,-0.09935799661781305,-0.036770301097220716
808,-0.017062481073147912,-0.015375134888307926,0.03340450412981088,0.020170600349515948,-0.10203906457266951
809,-0.09327415353532931,-0.013623348213100331,0.015887860420955725,-0.0605300480217333,-0.06679801330603946
810,-0.05014864655279264,0.021040760609423288,0.04701108825158965,-0.07682315384242243,0.014379080018239026
811,-0.007732829325412011,0.04140019667044579,-0.1079918806061884,0.08325972648455558,-0.07979353827680016
812,0.0015822272505594268,0.10004123319252374,-0.05835753139326228,-0.139249373370224,-0.038634383509764225
813,-0.028206064408752098,0.036735496683475366,0.03575431342229136,0.01739345479921592,0.015916215660951298
814,-0.029555756687767127,0.12368450601385975,0.005401349137887656,0.1018388174607741,0.00889629131573244
815,0.01395684830918939,0.01520828749936941,0.0035786269462354386,0.08620529252729983,-0.094806446882928
816,0.007309554154549484,-0.06776977287106553,0.013131002581344814,0.0018712014676377509,0.07397526456433706
817,-0.03245687649491819,0.04044822502796823,-0.016417696313151584,0.1194938749578928,-0.00801577406642275
818,0.03012033655303237,-0.08368501238414561,0.13784025899166757,-0.011442130737177005,0.023342238049586257
819,-0.006999496608965247,-0.030816683062134673,-0.0036777026891724645,-0.009763178108175915,0.009025111636347422
820,0.010520402635311989,0.021057652834394522,-0.07238051751144742,0.02946082401219273,-0.06580555756847366
821,0.021132889079196873,-0.03936373087806337,-0.00532575136231106,-0.059436480192228476,0.017819643906350414
822,-0.018841937075894905,-0.057749461391264856,-0.0612096750592131,-0.04408503683085409,-0.018128200738621744
823,0.0021555117460364016,-0.06762878980976626,-0.05476912668093077,-0.03861235453240338,0.03913570681002768
824,-0.00156684737003027,0.0323735208389096,0.10496126328827601,0.011322764875712266,-0.10262197421537904
825,-0.021490789112012215,-0.027156401344150302,-0.051574993047368595,0.02417172051407467,0.16313495067919173
826,0.01743672982859857,-0.015221202826640193,-0.0462669386221814,-0.059186509315510005,0.00023563276318338752
827,0.00559607734898704,-0.021651399147596753,-0.026085174020457267,-0.039827753286540556,-0.030418546101340496
828,-0.026303890449512986,0.026218399495646368,0.05272136273754388,-0.007906898231525489,0.038891059683912765
829,-0.008714100102613946,0.042382941571505475,0.041202989677226944,0.03415380333485872,-0.07263463184559169
830,0.029712946875345675,-0.013384318122629042,-0.0072639115902251965,0.019398675956768578,0.020932972396497558
831,-0.02347253395574177,-0.06694485134537327,0.0331361203566584,-0.0011966791753524487,0.014217328621881423
832,0.023701296466485992,0.007799004333608729,-0.013780885024755656,0.04685244909545126,0.029843787771083066
833,0.02323449553661799,0.04475624318724834,-0.018756852926977565,-0.018208200524292055,-0.057315877036669974
834,0.0005913152630807293,0.03807926591170634,0.08026849184579107,-0.029637553719528812,0.03907718327684356
835,-0.014584283699392553,-0.0016896807138297477,-0.012244989456607888,-0.008014133504396972,0.11528789220185515
836,3.2090711852054976e-05,0.021506081852119746,-0.026449116058856526,0.018376946930995192,0.029675014734828174
837,0.01297508668469637,0.0316668736673132,-0.006953670112893551,0.030381930792066834,0.07708665267040359
838,-0.006862526878488182,-0.027162283603025313,0.010517222474952112,0.0017080625490237464,-0.004868584111470681
839,0.021548132877370063,-0.022337942871693404,0.004518558154906149,0.018764125106989563,0.010065639195492358
840,-0.016852061593121668,-0.010222443529648736,0.058635841818625814,0.06415708698391925,0.003062636817337778
841,-0.057144598773600855,-0.03343707851539979,-0.008285994293936965,-0.03253926962690397,0.07859700367403523
842,0.03589103013493747,-0.014926936685408744,0.05349857218351024,0.011404515349689495,-0.07055348016236317
843,0.004162603328854476,-0.05854065700418164,0.018668645493733524,0.007422730108963481,-0.01403041881427053
844,-0.009147404406526,0.06563830927283233,-0.01823384722425085,-0.04979119212833416,0.008215618904365611
845,-0.04387620232905164,-0.033315420071662286,0.03313073326699165,-0.014654014751561861,0.015359437747573267
846,0.015718087798283306,0.06429021279994074,-0.03200075602492125,-0.013373141182990194,0.07257014409184595
847,0.004930806422845092,-0.0455026079808785,-0.011624752017939416,0.02115833415173005,-0.020390758077333683
848,0.015556217101276054,-0.03491547530440235,-0.008499257601206858,0.026658041137063576,0.07689988594374689
849,0.0012732732819499184,-0.014651736971301637,0.014219103933506927,0.018201381831924157,-0.024323209083060245
850,0.05461574061751061,0.044477588295456894,-0.028028203491748317,0.03465110050542689,-0.012934864618246878
851,0.0034266341417358366,0.045055242396641854,-0.042574545107238404,-0.06425490365470163,0.029594581395221052
852,-0.021926703425354955,0.04789028327956073,-0.022878885323390094,-0.036225209176064706,0.025719312933187168
853,0.021712396782379254,-0.012407736515829297,0.0018926299305255453,-0.0022004555785556205,0.054114816017982306
854,-0.02097301386056711,-0.06677289693764198,-0.01596680390708164,0.07525051950827591,-0.0012397576159097132
855,0.003036004397551078,0.026480785596155687,0.06021521597525179,0.03723095743852612,-0.0123726422535371
856,-0.0035569404415854242,0.047672532782492866,0.017735630378550547,-0.028881075727119995,0.004106154003686937
857,0.004970131844536367,-0.02728219031699456,-0.04132970034510455,-0.04277109646275788,0.028943982389069107
858,-0.03060318869705343,0.09743754483318863,-0.010844680749498643,0.0020676012855896215,-0.008909401759099477
859,0.009647306298094543,-0.03066963424448973,-0.07392241324655514,-0.011371682913338784,-0.06908738684496976
860,-0.0017055319831128582,0.03084102882097031,-0.02316851095299153,-0.011983872196131758,0.0780456544412918
861,0.012236033537519023,-0.010697804450671776,0.048520195056337236,0.010155392487689716,-0.04908792772173065
862,0.029877123332015375,0.011040083249652444,-0.026396139714233317,-0.01081217569475024,0.011922260764976619
863,0.010725253171459415,0.04503304939592151,-0.017711525405437155,0.047430551731730164,-0.013168925158070026
864,0.029380922960845025,-0.007463624465373991,0.04202481540791703,0.01573500677682672,-0.04404433534573145
865,-0.013646369391940652,-0.028850218338795565,-0.0397053467361873,-0.048056804632563344,-0.0014421867591109874
866,0.025299511753833125,-0.019719678662673816,-0.015932496278250212,0.039935958835329875,-0.01777120335064792
867,0.005045403534402514,0.05575456284328768,-0.003099967695881011,-0.02231927477231615,-0.06292688846630186
868,0.0012046659041275234,-0.04016597960632775,-0.018405267871200677,-0.027084185760114912,0.004034690773754807
869,-0.009462372279563997,-0.03077682513606371,0.043002270517095174,0.08745522598541164,0.023636201354031265
870,-0.008627766571205222,-0.013142170801164262,0.06257244012909172,0.01639032090891225,-0.062293443779706484
871,0.0676739728153759,-0.03206031469307408,0.012317282845700068,0.004358775808648487,-0.014682936353770895
872,-0.030388846915117472,0.08956503970625249,-0.039313730940891245,-0.06453087431078629,-0.02957067979491842
873,0.025750286933922117,0.01689305024330711,-0.001118693782070938,0.002425811300670381,0.029476455894186696
874,-0.019798289511472698,0.06646631103848732,0.015587768467205852,-0.053586939578722785,-0.014638603640203975
875,-0.020782735662995218,0.025166343009922123,-0.03740606188022519,-0.010362018993754064,-0.0792745201043773
876,0.03246525517973538,0.020875589008161867,0.040106694345274765,0.0027345800423581226,0.00781261231295486
877,0.03174226157159774,0.021537419378713524,-0.0026635316375692754,0.051554463912548136,-0.0072364099906055135
878,-0.004454101836342621,-0.04495068723140634,-0.0193102862214872,-0.027620976418725195,0.0012752839333500313
879,-0.0692991652817187,-0.03161767925078089,0.02967446160904306,0.06170900643068744,0.0024197024217279886
880,0.05600698567998523,0.004005043682322899,0.016693516222016022,0.028992610330671985,-0.06300156309945658
881,-0.029550485282520418,-0.015340973464069872,0.014072741080434874,-0.017029373136899006,-0.03486825027049453
882,-0.004690333940278759,0.04973698474673847,0.021624870499075313,0.038133720103245006,0.03642926878489314
883,0.01341318741680254,-0.014643748523708965,-0.018630103999230534,-0.05167903195877579,0.17515086479994313
884,0.01331248299215285,-0.01197564368861467,-0.012709122586378798,-0.04237866028346924,-0.12737220350338874
885,-0.017896133109788305,-0.012806528360157873,-0.017350764459344047,0.015664893845062287,0.03843538533823859
886,0.013635549755395333,-0.01973130701762804,0.020163872563338417,0.014507345441068508,0.005410774327078212
887,-0.004714402562570802,0.008694521839164002,-0.014201418959477251,-0.022018887726321403,0.015730053322094907
888,-0.005320461510877707,-0.010881978538152825,-0.016775918144226683,-0.11350153144237973,0.03335274310493962
889,0.09162569973807376,-0.011331334489816164,0.029121272444869045,0.034436219788828534,-0.05157940343677783
890,-0.023750891712618183,-0.021276349832552416,0.03700948435043782,-0.022648088300480564,-0.08778354633615267
891,0.05312114716670695,-0.027685911019464084,0.04659451246785815,-0.025177712060964877,-0.005439902416814569
892,-0.053251988852316634,-0.015608107267779642,-0.04200500436962617,0.04544208312942534,-0.0032855178265717815
893,0.04031096188697493,0.03841750318484938,0.05498155353804802,0.04752050488845232,-0.06099886797546539
894,-0.016327284884861737,-0.07929038295471721,-0.04423653763378395,0.05812163469927755,0.036545165475541014
895,-0.03956418927314102,0.0599824936189506,-0.03727316932131193,0.056162042828707036,-0.12006807782743548
896,0.00014506363590932603,0.0738965450238123,0.09447693639245487,-0.048048527642966556,-0.004211387605653701
897,-0.0013542685010101262,0.0604329519172352,-0.13280703768024327,-0.11799021638440085,-0.00874081024919511
898,0.05688697671922634,0.06187800744851849,-0.036499631946340594,0.04176312099820893,-0.12083436519550264
899,0.00808324116137522,-0.03287687735327781,0.12889082276500202,-0.1232067610322104,-0.03847747346883527
900,28.07049644643193,-0.37775179109541823,-0.4283176624702323,-0.7631631491526036,-0.29144235361851456
